review_id,product_handle,product_id,author,email,rating,title,body,image_url,video_url,verified,date,country
1,top gainant,1005011856331052,Acheteur AliExpress,,4,,,,,true,2026-03-21,
2,top gainant,1005011856331052,Acheteur AliExpress,,5,,,,,true,2026-03-24,
3,top gainant,1005011856331052,Acheteur AliExpress,,5,,,,,true,2026-03-25,
4,top gainant,1005011856331052,Acheteur AliExpress,,5,,,,,true,2026-03-23,
5,top gainant,1005011856331052,Acheteur AliExpress,,5,,,,,true,2026-04-02,
6,top gainant,1005011856331052,Acheteur AliExpress,,5,,,,,true,2026-04-02,
7,top gainant,1005011856331052,Acheteur AliExpress,,4,,,,,true,2026-03-25,
8,top gainant,1005011856331052,Acheteur AliExpress,,5,,,,,true,2026-03-31,
9,top gainant,1005011856331052,Acheteur AliExpress,,5,,,,,true,2026-03-31,
10,top gainant,1005011856331052,Acheteur AliExpress,,5,,,,,true,2026-04-02,
11,top gainant,1005011856331052,Acheteur AliExpress,,5,,,,,true,2026-04-01,
12,top gainant,1005011856331052,Acheteur AliExpress,,5,,,,,true,2026-04-02,
13,top gainant,1005011856331052,Acheteur AliExpress,,5,,,,,true,2026-04-01,
14,top gainant,1005011856331052,Acheteur AliExpress,,4,,,,,true,2026-05-03,
15,top gainant,1005011856331052,Acheteur AliExpress,,5,,,,,true,2026-03-06,
16,top gainant,1005011856331052,Acheteur AliExpress,,5,,,,,true,2026-04-15,
17,top gainant,1005011856331052,Acheteur AliExpress,,5,,,,,true,2026-03-12,
18,top gainant,1005011856331052,Acheteur AliExpress,,5,,,,,true,2026-05-07,
19,top gainant,1005011856331052,s***h,,5,,,,,true,2026-03-18,
20,top gainant,1005011856331052,Acheteur AliExpress,,5,,,,,true,2026-03-04,
21,top gainant,1005011856331052,Acheteur AliExpress,,4,,,,,true,2026-04-16,
22,top gainant,1005011856331052,r***e,,5,,,,,true,2026-03-09,
23,top gainant,1005011856331052,Acheteur AliExpress,,5,,,,,true,2026-03-23,
24,top gainant,1005011856331052,Acheteur AliExpress,,5,,,,,true,2026-04-01,
25,top gainant,1005011856331052,c***a,,5,,,,,true,2026-03-27,
26,top gainant,1005011856331052,Acheteur AliExpress,,5,,,,,true,2026-04-03,
27,top gainant,1005011856331052,Acheteur AliExpress,,5,,,,,true,2026-03-25,
28,top gainant,1005011856331052,Acheteur AliExpress,,4,,,,,true,2026-03-23,
29,top gainant,1005011856331052,Acheteur AliExpress,,5,,,,,true,2026-04-09,
30,top gainant,1005011856331052,Acheteur AliExpress,,5,,,,,true,2026-03-22,
31,top gainant,1005011856331052,Acheteur AliExpress,,5,,,,,true,2026-03-18,
32,top gainant,1005011856331052,Acheteur AliExpress,,5,,,,,true,2026-03-15,
33,top gainant,1005011856331052,Acheteur AliExpress,,5,,,,,true,2026-05-09,
34,top gainant,1005011856331052,Acheteur AliExpress,,4,,,,,true,2026-03-14,
35,top gainant,1005011856331052,Acheteur AliExpress,,5,,,,,true,2026-04-22,
36,top gainant,1005011856331052,v***r,,5,,,,,true,2026-05-10,
37,top gainant,1005011856331052,Acheteur AliExpress,,5,,,,,true,2026-03-13,
38,top gainant,1005011856331052,Acheteur AliExpress,,5,,,,,true,2026-03-16,
39,top gainant,1005011856331052,Acheteur AliExpress,,4,,,,,true,2026-05-09,
40,top gainant,1005011856331052,Acheteur AliExpress,,5,,,,,true,2026-03-23,
41,top gainant,1005011856331052,Acheteur AliExpress,,5,,,,,true,2026-03-07,
42,top gainant,1005011856331052,Acheteur AliExpress,,4,,,,,true,2026-04-13,
43,top gainant,1005011856331052,Acheteur AliExpress,,5,,,,,true,2026-05-14,
44,top gainant,1005011856331052,Acheteur AliExpress,,5,,,,,true,2026-05-12,
45,top gainant,1005011856331052,r***e,,5,,,,,true,2026-03-08,
46,top gainant,1005011856331052,Acheteur AliExpress,,5,,,,,true,2026-05-08,
47,top gainant,1005011856331052,Acheteur AliExpress,,5,,,,,true,2026-03-23,
48,top gainant,1005011856331052,Acheteur AliExpress,,5,,,,,true,2026-03-22,
49,top gainant,1005011856331052,Acheteur AliExpress,,4,,,,,true,2026-05-09,
50,top gainant,1005011856331052,t***n,,5,,,,,true,2026-03-07,
51,top gainant,1005011856331052,Acheteur AliExpress,,5,,,,,true,2026-05-01,
52,top gainant,1005011856331052,Acheteur AliExpress,,5,,,,,true,2026-03-02,
53,top gainant,1005011856331052,Acheteur AliExpress,,5,,,,,true,2026-03-25,
54,top gainant,1005011856331052,Acheteur AliExpress,,5,,,,,true,2026-05-04,
55,top gainant,1005011856331052,Acheteur AliExpress,,5,,,,,true,2026-04-29,
56,top gainant,1005011856331052,Acheteur AliExpress,,4,,,,,true,2026-04-25,
57,top gainant,1005011856331052,Acheteur AliExpress,,5,,,,,true,2026-03-16,
58,top gainant,1005011856331052,Acheteur AliExpress,,4,,,,,true,2026-05-09,
59,top gainant,1005011856331052,Acheteur AliExpress,,5,,,,,true,2026-04-12,
60,top gainant,1005011856331052,Acheteur AliExpress,,5,,,,,true,2026-05-02,
61,top gainant,1005011856331052,Acheteur AliExpress,,5,,,,,true,2026-04-29,
62,top gainant,1005011856331052,Acheteur AliExpress,,5,,,,,true,2026-04-02,
63,top gainant,1005011856331052,Acheteur AliExpress,,5,,,,,true,2026-03-02,
64,top gainant,1005011856331052,Acheteur AliExpress,,4,,,,,true,2026-04-11,
65,top gainant,1005011856331052,Acheteur AliExpress,,5,,,,,true,2026-04-21,
66,top gainant,1005011856331052,Acheteur AliExpress,,5,,,,,true,2026-04-13,
67,top gainant,1005011856331052,Acheteur AliExpress,,5,,,,,true,2026-05-01,
68,top gainant,1005011856331052,Acheteur AliExpress,,5,,,,,true,2026-05-05,
69,top gainant,1005011856331052,Acheteur AliExpress,,5,,,,,true,2026-05-04,
70,top gainant,1005011856331052,Acheteur AliExpress,,4,,,,,true,2026-05-07,
71,top gainant,1005011856331052,Acheteur AliExpress,,5,,,,,true,2026-03-17,
72,top gainant,1005011856331052,Acheteur AliExpress,,5,,,,,true,2026-03-16,
73,top gainant,1005011856331052,Acheteur AliExpress,,5,,,,,true,2026-03-25,
74,top gainant,1005011856331052,Acheteur AliExpress,,5,,,,,true,2026-04-07,
75,top gainant,1005011856331052,Acheteur AliExpress,,5,,,,,true,2026-04-30,
76,top gainant,1005011856331052,Acheteur AliExpress,,5,,,,,true,2026-03-12,
77,top gainant,1005011856331052,Acheteur AliExpress,,4,,,,,true,2026-05-10,
78,top gainant,1005011856331052,Acheteur AliExpress,,5,,,,,true,2026-03-03,
79,top gainant,1005011856331052,Acheteur AliExpress,,5,,,,,true,2026-05-15,
80,top gainant,1005011856331052,Acheteur AliExpress,,5,,,,,true,2026-03-09,
81,top gainant,1005011856331052,Acheteur AliExpress,,5,,,,,true,2026-04-04,
82,top gainant,1005011856331052,Acheteur AliExpress,,5,,,,,true,2026-03-10,
83,top gainant,1005011856331052,Acheteur AliExpress,,5,,,,,true,2026-03-27,
84,top gainant,1005011856331052,Acheteur AliExpress,,4,,,,,true,2026-03-21,
85,top gainant,1005011856331052,Acheteur AliExpress,,5,,,,,true,2026-04-04,
86,top gainant,1005011856331052,Acheteur AliExpress,,5,,,,,true,2026-05-04,
87,top gainant,1005011856331052,Acheteur AliExpress,,5,,,,,true,2026-03-15,
88,top gainant,1005011856331052,Acheteur AliExpress,,5,,,,,true,2026-04-30,
89,top gainant,1005011856331052,Acheteur AliExpress,,5,,,,,true,2026-03-20,
90,top gainant,1005011856331052,Acheteur AliExpress,,5,,,,,true,2026-05-09,
91,top gainant,1005011856331052,Acheteur AliExpress,,4,,,,,true,2026-04-20,
92,top gainant,1005011856331052,Acheteur AliExpress,,5,,,,,true,2026-04-28,
93,top gainant,1005011856331052,Acheteur AliExpress,,5,,,,,true,2026-04-16,
94,top gainant,1005011856331052,Acheteur AliExpress,,5,,,,,true,2026-03-07,
95,top gainant,1005011856331052,Acheteur AliExpress,,5,,,,,true,2026-03-21,
96,top gainant,1005011856331052,Acheteur AliExpress,,5,,,,,true,2026-05-07,
97,top gainant,1005011856331052,Acheteur AliExpress,,4,,,,,true,2026-04-18,
98,top gainant,1005011856331052,Acheteur AliExpress,,5,,,,,true,2026-05-10,
99,top gainant,1005011856331052,Acheteur AliExpress,,5,,,,,true,2026-04-30,
100,top gainant,1005011856331052,Acheteur AliExpress,,5,,,,,true,2026-04-18,
101,top gainant,1005011856331052,Acheteur AliExpress,,5,,,,,true,2026-04-20,
102,top gainant,1005011856331052,Acheteur AliExpress,,5,,,,,true,2026-04-12,
103,top gainant,1005011856331052,Acheteur AliExpress,,5,,,,,true,2026-03-04,
104,top gainant,1005011856331052,e***o,,4,,,,,true,2026-04-20,
105,top gainant,1005011856331052,Acheteur AliExpress,,5,,,,,true,2026-04-11,
106,top gainant,1005011856331052,Acheteur AliExpress,,5,,,,,true,2026-03-31,
107,top gainant,1005011856331052,Acheteur AliExpress,,5,,,,,true,2026-04-24,
108,top gainant,1005011856331052,Acheteur AliExpress,,5,,,,,true,2026-04-25,
109,top gainant,1005011856331052,Acheteur AliExpress,,5,,,,,true,2026-03-19,
110,top gainant,1005011856331052,Acheteur AliExpress,,5,,,,,true,2026-04-20,
111,top gainant,1005011856331052,Acheteur AliExpress,,4,,,,,true,2026-03-11,
112,top gainant,1005011856331052,Acheteur AliExpress,,5,,,,,true,2026-04-03,
113,top gainant,1005011856331052,Acheteur AliExpress,,5,,,,,true,2026-04-08,
114,top gainant,1005011856331052,Acheteur AliExpress,,5,,,,,true,2026-04-24,
115,top gainant,1005011856331052,Acheteur AliExpress,,5,,,,,true,2026-03-07,
116,top gainant,1005011856331052,Acheteur AliExpress,,5,,,,,true,2026-03-02,
117,top gainant,1005011856331052,Acheteur AliExpress,,5,,,,,true,2026-04-25,
118,top gainant,1005011856331052,Acheteur AliExpress,,4,,,,,true,2026-03-25,
119,top gainant,1005011856331052,Acheteur AliExpress,,5,,,,,true,2026-03-05,
120,top gainant,1005011856331052,Acheteur AliExpress,,5,,,,,true,2026-05-15,
121,top gainant,1005011856331052,Acheteur AliExpress,,5,,,,,true,2026-04-29,
122,top gainant,1005011856331052,Acheteur AliExpress,,5,,,,,true,2026-04-24,
123,top gainant,1005011856331052,Acheteur AliExpress,,5,,,,,true,2026-05-05,
124,top gainant,1005011856331052,r***e,,5,,,,,true,2026-03-24,
125,top gainant,1005011856331052,Acheteur AliExpress,,4,,,,,true,2026-03-04,
126,top gainant,1005011856331052,Acheteur AliExpress,,5,,,,,true,2026-05-03,
127,top gainant,1005011856331052,Acheteur AliExpress,,5,,,,,true,2026-04-10,
128,top gainant,1005011856331052,Acheteur AliExpress,,5,,,,,true,2026-04-12,
129,top gainant,1005011856331052,Acheteur AliExpress,,5,,,,,true,2026-03-10,
130,top gainant,1005011856331052,Acheteur AliExpress,,5,,,,,true,2026-05-11,
131,top gainant,1005011856331052,Acheteur AliExpress,,4,,,,,true,2026-04-26,
132,top gainant,1005011856331052,Acheteur AliExpress,,5,,,,,true,2026-04-02,
133,top gainant,1005011856331052,Acheteur AliExpress,,5,,,,,true,2026-03-04,
134,top gainant,1005011856331052,Acheteur AliExpress,,5,,,,,true,2026-04-23,
135,top gainant,1005011856331052,Acheteur AliExpress,,5,,,,,true,2026-03-09,
136,top gainant,1005011856331052,Acheteur AliExpress,,5,,,,,true,2026-04-15,
137,top gainant,1005011856331052,Acheteur AliExpress,,5,,,,,true,2026-03-25,
138,top gainant,1005011856331052,Acheteur AliExpress,,4,,,,,true,2026-04-25,
139,top gainant,1005011856331052,Acheteur AliExpress,,5,,,,,true,2026-05-13,
140,top gainant,1005011856331052,Acheteur AliExpress,,5,,,,,true,2026-03-18,
141,top gainant,1005011856331052,Acheteur AliExpress,,5,,,,,true,2026-04-27,
142,top gainant,1005011856331052,Acheteur AliExpress,,5,,,,,true,2026-04-08,
143,top gainant,1005011856331052,Acheteur AliExpress,,5,,,,,true,2026-03-27,
144,top gainant,1005011856331052,Acheteur AliExpress,,5,,,,,true,2026-03-19,
145,top gainant,1005011856331052,Acheteur AliExpress,,4,,,,,true,2026-05-16,
146,top gainant,1005011856331052,Acheteur AliExpress,,5,,,,,true,2026-04-21,
147,top gainant,1005011856331052,Acheteur AliExpress,,5,,,,,true,2026-03-06,
148,top gainant,1005011856331052,Acheteur AliExpress,,5,,,,,true,2026-04-17,
149,top gainant,1005011856331052,Acheteur AliExpress,,5,,,,,true,2026-05-07,
150,top gainant,1005011856331052,Acheteur AliExpress,,5,,,,,true,2026-04-06,
151,top gainant,1005011856331052,Acheteur AliExpress,,5,,,,,true,2026-04-22,
152,top gainant,1005011856331052,Acheteur AliExpress,,4,,,,,true,2026-03-23,
153,top gainant,1005011856331052,Acheteur AliExpress,,5,,,,,true,2026-04-02,
154,top gainant,1005011856331052,Acheteur AliExpress,,5,,,,,true,2026-03-24,
155,top gainant,1005011856331052,Acheteur AliExpress,,5,,,,,true,2026-03-22,
156,top gainant,1005011856331052,Acheteur AliExpress,,5,,,,,true,2026-05-04,
157,top gainant,1005011856331052,Acheteur AliExpress,,3,,,,,true,2026-03-06,
158,top gainant,1005011856331052,Acheteur AliExpress,,5,,,,,true,2026-03-16,
159,top gainant,1005011856331052,Q***H,,5,,,,,true,2026-05-02,
160,top gainant,1005011856331052,Acheteur AliExpress,,4,,,,,true,2026-04-15,
161,top gainant,1005011856331052,Acheteur AliExpress,,5,,,,,true,2026-04-10,
162,top gainant,1005011856331052,Acheteur AliExpress,,5,,,,,true,2026-04-27,
163,top gainant,1005011856331052,Q***C,,5,,,,,true,2026-03-14,
164,top gainant,1005011856331052,Acheteur AliExpress,,5,,,,,true,2026-04-05,
165,top gainant,1005011856331052,Acheteur AliExpress,,4,,,,,true,2026-04-12,
166,top gainant,1005011856331052,Acheteur AliExpress,,5,,,,,true,2026-03-15,
167,top gainant,1005011856331052,Acheteur AliExpress,,4,,,,,true,2026-05-09,
168,top gainant,1005011856331052,Acheteur AliExpress,,5,,,,,true,2026-04-17,
169,top gainant,1005011856331052,Acheteur AliExpress,,5,,,,,true,2026-03-15,
170,top gainant,1005011856331052,Acheteur AliExpress,,5,,,,,true,2026-03-24,
171,top gainant,1005011856331052,d***I,,5,,,,,true,2026-04-26,
172,top gainant,1005011856331052,l***k,,5,,,,,true,2026-04-05,
173,top gainant,1005011856331052,Acheteur AliExpress,,5,,,,,true,2026-04-27,
174,top gainant,1005011856331052,Acheteur AliExpress,,4,,,,,true,2026-05-08,
175,top gainant,1005011856331052,Acheteur AliExpress,,4,,,,,true,2026-05-02,
176,top gainant,1005011856331052,E***l,,5,,,,,true,2026-04-28,
177,top gainant,1005011856331052,F***R,,5,,,,,true,2026-04-16,
178,top gainant,1005011856331052,Acheteur AliExpress,,5,,,,,true,2026-05-15,
179,top gainant,1005011856331052,Acheteur AliExpress,,5,,,,,true,2026-04-14,
180,top gainant,1005011856331052,Acheteur AliExpress,,5,,,,,true,2026-04-05,
181,top gainant,1005011856331052,Acheteur AliExpress,,4,,,,,true,2026-04-19,
182,top gainant,1005011856331052,Acheteur AliExpress,,5,,,,,true,2026-03-06,
183,top gainant,1005011856331052,m***m,,4,,,,,true,2026-05-03,
184,top gainant,1005011856331052,Acheteur AliExpress,,4,,,,,true,2026-03-08,
185,top gainant,1005011856331052,Acheteur AliExpress,,5,,,,,true,2026-03-29,
186,top gainant,1005011856331052,Acheteur AliExpress,,5,,,,,true,2026-05-10,
187,top gainant,1005011856331052,Acheteur AliExpress,,5,,,,,true,2026-03-08,
188,top gainant,1005011856331052,Acheteur AliExpress,,5,,,,,true,2026-05-14,
189,top gainant,1005011856331052,Acheteur AliExpress,,5,,,,,true,2026-04-03,
190,top gainant,1005011856331052,Acheteur AliExpress,,5,,,,,true,2026-04-29,
191,top gainant,1005011856331052,Acheteur AliExpress,,4,,,,,true,2026-04-11,
192,top gainant,1005011856331052,L***e,,5,,,,,true,2026-03-13,
193,top gainant,1005011856331052,Acheteur AliExpress,,5,,,,,true,2026-03-11,
194,top gainant,1005011856331052,V***a,,5,,,,,true,2026-05-03,
195,top gainant,1005011856331052,Acheteur AliExpress,,5,,,,,true,2026-03-23,
196,top gainant,1005011856331052,g***t,,5,,,,,true,2026-04-12,
197,top gainant,1005011856331052,Acheteur AliExpress,,4,,,,,true,2026-03-18,
198,top gainant,1005011856331052,t***z,,5,,,,,true,2026-04-12,
199,top gainant,1005011856331052,V***G,,5,,,,,true,2026-03-13,
200,top gainant,1005011856331052,Y***U,,5,,,,,true,2026-03-22,
201,top gainant,1005011856331052,Acheteur AliExpress,,5,,,,,true,2026-04-07,
202,top gainant,1005011856331052,Acheteur AliExpress,,5,,,,,true,2026-03-05,
203,top gainant,1005011856331052,S***B,,5,,,,,true,2026-04-23,
204,top gainant,1005011856331052,x***z,,4,,,,,true,2026-03-05,
205,top gainant,1005011856331052,Acheteur AliExpress,,5,,,,,true,2026-04-05,
206,top gainant,1005011856331052,z***j,,4,,,,,true,2026-03-07,
207,top gainant,1005011856331052,Acheteur AliExpress,,5,,,,,true,2026-03-21,
208,top gainant,1005011856331052,Acheteur AliExpress,,5,,,,,true,2026-04-09,
209,top gainant,1005011856331052,Acheteur AliExpress,,5,,,,,true,2026-03-25,
210,top gainant,1005011856331052,Acheteur AliExpress,,5,,,,,true,2026-03-29,
211,top gainant,1005011856331052,Acheteur AliExpress,,5,,,,,true,2026-04-25,
212,top gainant,1005011856331052,Acheteur AliExpress,,4,,,,,true,2026-03-26,
213,top gainant,1005011856331052,Acheteur AliExpress,,5,,,,,true,2026-04-01,
214,top gainant,1005011856331052,Д***а,,5,,,,,true,2026-05-06,
215,top gainant,1005011856331052,Acheteur AliExpress,,5,,,,,true,2026-04-10,
216,top gainant,1005011856331052,Acheteur AliExpress,,5,,,,,true,2026-03-27,
217,top gainant,1005011856331052,Acheteur AliExpress,,5,,,,,true,2026-04-14,
218,top gainant,1005011856331052,Acheteur AliExpress,,5,,,,,true,2026-04-14,
219,top gainant,1005011856331052,Acheteur AliExpress,,4,,,,,true,2026-04-15,
220,top gainant,1005011856331052,Acheteur AliExpress,,5,,,,,true,2026-04-09,
221,top gainant,1005011856331052,Acheteur AliExpress,,5,,,,,true,2026-04-03,
222,top gainant,1005011856331052,Acheteur AliExpress,,5,,,,,true,2026-04-01,
223,top gainant,1005011856331052,Acheteur AliExpress,,5,,,,,true,2026-04-16,
224,top gainant,1005011856331052,Acheteur AliExpress,,5,,,,,true,2026-04-03,
225,top gainant,1005011856331052,Acheteur AliExpress,,5,,,,,true,2026-04-09,
226,top gainant,1005011856331052,Acheteur AliExpress,,4,,,,,true,2026-04-18,
227,top gainant,1005011856331052,Acheteur AliExpress,,5,,,,,true,2026-03-30,
228,top gainant,1005011856331052,К***а,,5,,,,,true,2026-04-20,
229,top gainant,1005011856331052,Acheteur AliExpress,,5,,,,,true,2026-04-07,
230,top gainant,1005011856331052,Acheteur AliExpress,,5,,,,,true,2026-03-31,
231,top gainant,1005011856331052,Б***а,,4,,,,,true,2026-05-07,
232,top gainant,1005011856331052,Acheteur AliExpress,,5,,,,,true,2026-04-01,
233,top gainant,1005011856331052,Acheteur AliExpress,,4,,,,,true,2026-04-02,
234,top gainant,1005011856331052,Acheteur AliExpress,,5,,,,,true,2026-04-03,
235,top gainant,1005011856331052,Acheteur AliExpress,,5,,,,,true,2026-03-31,
236,top gainant,1005011856331052,Acheteur AliExpress,,5,,,,,true,2026-04-07,
237,top gainant,1005011856331052,Acheteur AliExpress,,5,,,,,true,2026-04-09,
238,top gainant,1005011856331052,Acheteur AliExpress,,5,,,,,true,2026-04-10,
239,top gainant,1005011856331052,Acheteur AliExpress,,5,,,,,true,2026-04-13,
240,top gainant,1005011856331052,Acheteur AliExpress,,4,,,,,true,2026-04-14,
241,top gainant,1005011856331052,Acheteur AliExpress,,5,,,,,true,2026-04-15,
242,top gainant,1005011856331052,Acheteur AliExpress,,5,,,,,true,2026-04-16,
243,top gainant,1005011856331052,b***i,,5,,,,,true,2026-05-08,
244,top gainant,1005011856331052,X***z,,5,,,,,true,2026-05-14,
245,top gainant,1005011856331052,v***r,,5,,,,,true,2026-05-15,
246,top gainant,1005011856331052,Acheteur AliExpress,,1,,,,,true,2026-05-10,
247,top gainant,1005011856331052,B***a,,4,,,,,true,2026-05-05,
248,top gainant,1005011856331052,Acheteur AliExpress,,3,,,,,true,2026-04-30,
249,top gainant,1005011856331052,Acheteur AliExpress,,5,,,,,true,2026-03-26,
250,top gainant,1005011856331052,Acheteur AliExpress,,4,,,,,true,2026-04-14,
251,top gainant,1005011856331052,Acheteur AliExpress,,5,,,,,true,2026-04-16,
252,top gainant,1005011856331052,M***a,,5,,,,,true,2026-05-08,
253,top gainant,1005011856331052,Acheteur AliExpress,,5,,,,,true,2026-04-16,
254,top gainant,1005011856331052,Acheteur AliExpress,,5,,,,,true,2026-04-15,
255,top gainant,1005011856331052,Т***а,,4,,,,,true,2026-04-18,
256,top gainant,1005011856331052,4***r,,5,,,,,true,2026-05-06,
257,top gainant,1005011856331052,Acheteur AliExpress,,5,,,,,true,2026-04-03,
258,top gainant,1005011856331052,Acheteur AliExpress,,4,,,,,true,2026-04-09,
259,top gainant,1005011856331052,Acheteur AliExpress,,5,,,,,true,2026-04-13,
260,top gainant,1005011856331052,Acheteur AliExpress,,5,,,,,true,2026-04-17,
261,top gainant,1005011856331052,Acheteur AliExpress,,5,,,,,true,2026-04-10,
262,top gainant,1005011856331052,Acheteur AliExpress,,5,,,,,true,2026-04-14,
263,top gainant,1005011856331052,Acheteur AliExpress,,5,,,,,true,2026-04-15,
264,top gainant,1005011856331052,Acheteur AliExpress,,5,,,,,true,2026-04-16,
265,top gainant,1005011856331052,Acheteur AliExpress,,4,,,,,true,2026-04-18,
266,top gainant,1005011856331052,Acheteur AliExpress,,5,,,,,true,2026-04-20,
267,top gainant,1005011856331052,Acheteur AliExpress,,5,,,,,true,2026-04-21,
268,top gainant,1005011856331052,Acheteur AliExpress,,5,,,,,true,2026-04-22,
269,top gainant,1005011856331052,N***a,,5,,,,,true,2026-04-21,
270,top gainant,1005011856331052,Acheteur AliExpress,,5,,,,,true,2026-04-24,
271,top gainant,1005011856331052,Acheteur AliExpress,,4,,,,,true,2026-04-28,
272,top gainant,1005011856331052,Acheteur AliExpress,,5,,,,,true,2026-04-29,
273,top gainant,1005011856331052,Acheteur AliExpress,,5,,,,,true,2026-04-27,
274,top gainant,1005011856331052,Acheteur AliExpress,,5,,,,,true,2026-04-23,
275,top gainant,1005011856331052,Acheteur AliExpress,,5,,,,,true,2026-04-30,
276,top gainant,1005011856331052,Acheteur AliExpress,,5,,,,,true,2026-05-05,
277,top gainant,1005011856331052,Acheteur AliExpress,,5,,,,,true,2026-05-06,
278,top gainant,1005011856331052,s***h,,4,,,,,true,2026-05-06,
279,top gainant,1005011856331052,Acheteur AliExpress,,5,,,,,true,2026-05-08,
280,top gainant,1005011856331052,z***a,,5,,,,,true,2026-05-13,
281,top gainant,1005011856331052,T***n,,5,,,,,true,2026-05-15,
282,top gainant,1005011856331052,3***r,,4,,,,,true,2026-04-24,
283,top gainant,1005011856331052,L***r,,4,,,,,true,2026-04-22,
284,top gainant,1005011856331052,Acheteur AliExpress,,5,,,,,true,2026-04-13,
285,top gainant,1005011856331052,Acheteur AliExpress,,5,,,,,true,2026-04-11,
286,top gainant,1005011856331052,Acheteur AliExpress,,5,,,,,true,2026-04-13,
287,top gainant,1005011856331052,e***o,,4,,,,,true,2026-05-06,
288,top gainant,1005011856331052,c***a,,5,,,,,true,2026-05-06,
289,top gainant,1005011856331052,v***e,,5,,,,,true,2026-05-06,
290,top gainant,1005011856331052,Acheteur AliExpress,,5,,,,,true,2026-04-01,
291,top gainant,1005011856331052,m***a,,5,,,,,true,2026-03-21,
292,top gainant,1005011856331052,Acheteur AliExpress,,5,,,,,true,2026-03-21,
293,top gainant,1005011856331052,Acheteur AliExpress,,5,,,,,true,2026-04-24,
294,top gainant,1005011856331052,Acheteur AliExpress,,4,,,,,true,2026-05-10,
295,top gainant,1005011856331052,Acheteur AliExpress,,4,,,,,true,2026-04-09,
296,top gainant,1005011856331052,l***e,,5,,,,,true,2026-05-03,
297,top gainant,1005011856331052,Acheteur AliExpress,,5,,,,,true,2026-04-30,
298,top gainant,1005011856331052,Acheteur AliExpress,,5,,,,,true,2026-05-06,
299,top gainant,1005011856331052,Acheteur AliExpress,,5,,,,,true,2026-03-28,
300,top gainant,1005011856331052,n***i,,5,,,,,true,2026-03-13,
301,top gainant,1005011856331052,Acheteur AliExpress,,4,,,,,true,2026-03-23,
302,top gainant,1005011856331052,Acheteur AliExpress,,5,,,,,true,2026-04-07,
303,top gainant,1005011856331052,Acheteur AliExpress,,5,,,,,true,2026-04-12,
304,top gainant,1005011856331052,Acheteur AliExpress,,5,,,,,true,2026-03-07,
305,top gainant,1005011856331052,k***a,,4,,,,,true,2026-04-14,
306,top gainant,1005011856331052,Acheteur AliExpress,,5,,,,,true,2026-04-19,
307,top gainant,1005011856331052,Acheteur AliExpress,,5,,,,,true,2026-05-02,
308,top gainant,1005011856331052,Acheteur AliExpress,,5,,,,,true,2026-03-29,
309,top gainant,1005011856331052,Acheteur AliExpress,,4,,,,,true,2026-04-20,
310,top gainant,1005011856331052,Acheteur AliExpress,,5,,,,,true,2026-03-25,
311,top gainant,1005011856331052,Acheteur AliExpress,,5,,,,,true,2026-03-08,
312,top gainant,1005011856331052,Acheteur AliExpress,,5,,,,,true,2026-05-11,
313,top gainant,1005011856331052,p***a,,5,,,,,true,2026-03-20,
314,top gainant,1005011856331052,Acheteur AliExpress,,5,,,,,true,2026-04-13,
315,top gainant,1005011856331052,Acheteur AliExpress,,5,,,,,true,2026-04-11,
316,top gainant,1005011856331052,Acheteur AliExpress,,4,,,,,true,2026-03-23,
317,top gainant,1005011856331052,Acheteur AliExpress,,5,,,,,true,2026-03-13,
318,top gainant,1005011856331052,Acheteur AliExpress,,5,,,,,true,2026-04-13,
319,top gainant,1005011856331052,Acheteur AliExpress,,5,,,,,true,2026-05-02,
320,top gainant,1005011856331052,Acheteur AliExpress,,5,,,,,true,2026-04-28,
321,top gainant,1005011856331052,Acheteur AliExpress,,5,,,,,true,2026-04-13,
322,top gainant,1005011856331052,Acheteur AliExpress,,5,,,,,true,2026-04-08,
323,top gainant,1005011856331052,Acheteur AliExpress,,4,,,,,true,2026-04-03,
324,top gainant,1005011856331052,Acheteur AliExpress,,4,,,,,true,2026-04-09,
325,top gainant,1005011856331052,Acheteur AliExpress,,5,,,,,true,2026-04-10,
326,top gainant,1005011856331052,Acheteur AliExpress,,5,,,,,true,2026-03-22,
327,top gainant,1005011856331052,t***n,,5,,,,,true,2026-04-07,
328,top gainant,1005011856331052,Acheteur AliExpress,,5,,,,,true,2026-05-08,
329,top gainant,1005011856331052,Acheteur AliExpress,,5,,,,,true,2026-03-29,
330,top gainant,1005011856331052,Acheteur AliExpress,,5,,,,,true,2026-03-27,
331,top gainant,1005011856331052,Acheteur AliExpress,,4,,,,,true,2026-03-06,
332,top gainant,1005011856331052,Acheteur AliExpress,,5,,,,,true,2026-03-21,
333,top gainant,1005011856331052,Acheteur AliExpress,,5,,,,,true,2026-04-30,
334,top gainant,1005011856331052,Acheteur AliExpress,,5,,,,,true,2026-04-25,
335,top gainant,1005011856331052,Acheteur AliExpress,,5,,,,,true,2026-04-22,
336,top gainant,1005011856331052,Acheteur AliExpress,,5,,,,,true,2026-04-14,
337,top gainant,1005011856331052,Acheteur AliExpress,,4,,,,,true,2026-04-25,
338,top gainant,1005011856331052,v***e,,5,,,,,true,2026-04-11,
339,top gainant,1005011856331052,Acheteur AliExpress,,5,,,,,true,2026-03-26,
340,top gainant,1005011856331052,Acheteur AliExpress,,5,,,,,true,2026-03-12,
341,top gainant,1005011856331052,Acheteur AliExpress,,5,,,,,true,2026-05-05,
342,top gainant,1005011856331052,Acheteur AliExpress,,5,,,,,true,2026-03-20,
343,top gainant,1005011856331052,Acheteur AliExpress,,5,,,,,true,2026-03-02,
344,top gainant,1005011856331052,Acheteur AliExpress,,4,,,,,true,2026-04-17,
345,top gainant,1005011856331052,b***i,,5,,,,,true,2026-03-30,
346,top gainant,1005011856331052,Acheteur AliExpress,,5,,,,,true,2026-03-14,
347,top gainant,1005011856331052,Acheteur AliExpress,,5,,,,,true,2026-04-26,
348,top gainant,1005011856331052,Acheteur AliExpress,,5,,,,,true,2026-04-07,
349,top gainant,1005011856331052,Acheteur AliExpress,,5,,,,,true,2026-04-17,
350,top gainant,1005011856331052,X***z,,5,,,,,true,2026-04-15,
351,top gainant,1005011856331052,Acheteur AliExpress,,4,,,,,true,2026-04-26,
352,top gainant,1005011856331052,Acheteur AliExpress,,5,,,,,true,2026-03-28,
353,top gainant,1005011856331052,Acheteur AliExpress,,5,,,,,true,2026-04-12,
354,top gainant,1005011856331052,Acheteur AliExpress,,5,,,,,true,2026-04-07,
355,top gainant,1005011856331052,Acheteur AliExpress,,5,,,,,true,2026-05-01,
356,top gainant,1005011856331052,Acheteur AliExpress,,5,,,,,true,2026-03-09,
357,top gainant,1005011856331052,Acheteur AliExpress,,5,,,,,true,2026-05-04,
358,top gainant,1005011856331052,Acheteur AliExpress,,4,,,,,true,2026-03-16,
359,top gainant,1005011856331052,Acheteur AliExpress,,5,,,,,true,2026-03-29,
360,top gainant,1005011856331052,Acheteur AliExpress,,5,,,,,true,2026-05-02,
361,top gainant,1005011856331052,Acheteur AliExpress,,5,,,,,true,2026-03-06,
362,top gainant,1005011856331052,Acheteur AliExpress,,5,,,,,true,2026-03-28,
363,top gainant,1005011856331052,Acheteur AliExpress,,5,,,,,true,2026-05-13,
364,top gainant,1005011856331052,Acheteur AliExpress,,5,,,,,true,2026-03-25,
365,top gainant,1005011856331052,Acheteur AliExpress,,4,,,,,true,2026-03-20,
366,top gainant,1005011856331052,Acheteur AliExpress,,5,,,,,true,2026-04-13,
367,top gainant,1005011856331052,Acheteur AliExpress,,5,,,,,true,2026-03-24,
368,top gainant,1005011856331052,Acheteur AliExpress,,5,,,,,true,2026-04-17,
369,top gainant,1005011856331052,Acheteur AliExpress,,5,,,,,true,2026-05-12,
370,top gainant,1005011856331052,Acheteur AliExpress,,5,,,,,true,2026-03-05,
371,top gainant,1005011856331052,Acheteur AliExpress,,4,,,,,true,2026-03-21,
372,top gainant,1005011856331052,m***a,,5,,,,,true,2026-03-09,
373,top gainant,1005011856331052,Acheteur AliExpress,,5,,,,,true,2026-03-29,
374,top gainant,1005011856331052,Acheteur AliExpress,,5,,,,,true,2026-04-03,
375,top gainant,1005011856331052,Acheteur AliExpress,,5,,,,,true,2026-04-21,
376,top gainant,1005011856331052,Acheteur AliExpress,,5,,,,,true,2026-05-04,
377,top gainant,1005011856331052,l***e,,5,,,,,true,2026-04-10,
378,top gainant,1005011856331052,Acheteur AliExpress,,4,,,,,true,2026-03-16,
379,top gainant,1005011856331052,Acheteur AliExpress,,5,,,,,true,2026-03-28,
380,top gainant,1005011856331052,Acheteur AliExpress,,5,,,,,true,2026-04-26,
381,top gainant,1005011856331052,Acheteur AliExpress,,5,,,,,true,2026-03-31,
382,top gainant,1005011856331052,Acheteur AliExpress,,5,,,,,true,2026-04-28,
383,top gainant,1005011856331052,n***i,,5,,,,,true,2026-03-20,
384,top gainant,1005011856331052,Acheteur AliExpress,,5,,,,,true,2026-05-02,
385,top gainant,1005011856331052,Acheteur AliExpress,,4,,,,,true,2026-03-30,
386,top gainant,1005011856331052,Acheteur AliExpress,,5,,,,,true,2026-04-05,
387,top gainant,1005011856331052,Acheteur AliExpress,,5,,,,,true,2026-05-01,
388,top gainant,1005011856331052,Acheteur AliExpress,,5,,,,,true,2026-05-08,
389,top gainant,1005011856331052,Acheteur AliExpress,,5,,,,,true,2026-05-05,
390,top gainant,1005011856331052,p***a,,5,,,,,true,2026-04-12,
391,top gainant,1005011856331052,Acheteur AliExpress,,5,,,,,true,2026-04-05,
392,top gainant,1005011856331052,Acheteur AliExpress,,4,,,,,true,2026-04-04,
393,top gainant,1005011856331052,Acheteur AliExpress,,5,,,,,true,2026-03-31,
394,top gainant,1005011856331052,Acheteur AliExpress,,5,,,,,true,2026-03-04,
395,top gainant,1005011856331052,Acheteur AliExpress,,5,,,,,true,2026-03-31,
396,top gainant,1005011856331052,Acheteur AliExpress,,5,,,,,true,2026-04-09,
397,top gainant,1005011856331052,Acheteur AliExpress,,5,,,,,true,2026-03-18,
398,top gainant,1005011856331052,Acheteur AliExpress,,4,,,,,true,2026-04-03,
399,top gainant,1005011856331052,Acheteur AliExpress,,5,,,,,true,2026-03-24,
400,top gainant,1005011856331052,Acheteur AliExpress,,5,,,,,true,2026-05-08,
401,top gainant,1005011856331052,Acheteur AliExpress,,5,,,,,true,2026-03-08,
402,top gainant,1005011856331052,Acheteur AliExpress,,5,,,,,true,2026-04-13,
403,top gainant,1005011856331052,Acheteur AliExpress,,5,,,,,true,2026-03-09,
404,top gainant,1005011856331052,Acheteur AliExpress,,5,,,,,true,2026-04-07,
405,top gainant,1005011856331052,Acheteur AliExpress,,4,,,,,true,2026-04-29,
406,top gainant,1005011856331052,Acheteur AliExpress,,5,,,,,true,2026-04-28,
407,top gainant,1005011856331052,Acheteur AliExpress,,5,,,,,true,2026-03-04,
408,top gainant,1005011856331052,Acheteur AliExpress,,5,,,,,true,2026-04-19,
409,top gainant,1005011856331052,Acheteur AliExpress,,5,,,,,true,2026-04-03,
410,top gainant,1005011856331052,Acheteur AliExpress,,4,,,,,true,2026-03-17,
411,top gainant,1005011856331052,Acheteur AliExpress,,5,,,,,true,2026-04-09,
412,top gainant,1005011856331052,Acheteur AliExpress,,5,,,,,true,2026-03-15,
413,top gainant,1005011856331052,Acheteur AliExpress,,4,,,,,true,2026-04-13,
414,top gainant,1005011856331052,Acheteur AliExpress,,5,,,,,true,2026-04-10,
415,top gainant,1005011856331052,Acheteur AliExpress,,5,,,,,true,2026-05-14,
416,top gainant,1005011856331052,Acheteur AliExpress,,5,,,,,true,2026-05-12,
417,top gainant,1005011856331052,Acheteur AliExpress,,5,,,,,true,2026-03-21,
418,top gainant,1005011856331052,Acheteur AliExpress,,5,,,,,true,2026-04-02,
419,top gainant,1005011856331052,Acheteur AliExpress,,5,,,,,true,2026-03-25,
420,top gainant,1005011856331052,Acheteur AliExpress,,4,,,,,true,2026-04-14,
421,top gainant,1005011856331052,Acheteur AliExpress,,5,,,,,true,2026-03-12,
422,top gainant,1005011856331052,Acheteur AliExpress,,5,,,,,true,2026-03-23,
423,top gainant,1005011856331052,Acheteur AliExpress,,5,,,,,true,2026-05-02,
424,top gainant,1005011856331052,Acheteur AliExpress,,5,,,,,true,2026-03-12,
425,top gainant,1005011856331052,Acheteur AliExpress,,5,,,,,true,2026-04-06,
426,top gainant,1005011856331052,Acheteur AliExpress,,5,,,,,true,2026-04-24,
427,top gainant,1005011856331052,c***a,,4,,,,,true,2026-04-30,
428,top gainant,1005011856331052,Acheteur AliExpress,,5,,,,,true,2026-04-11,
429,top gainant,1005011856331052,Acheteur AliExpress,,5,,,,,true,2026-05-12,
430,top gainant,1005011856331052,Acheteur AliExpress,,5,,,,,true,2026-05-14,
431,top gainant,1005011856331052,Acheteur AliExpress,,5,,,,,true,2026-05-03,
432,top gainant,1005011856331052,Acheteur AliExpress,,5,,,,,true,2026-03-17,
433,top gainant,1005011856331052,Acheteur AliExpress,,4,,,,,true,2026-04-03,
434,top gainant,1005011856331052,Acheteur AliExpress,,5,,,,,true,2026-03-16,
435,top gainant,1005011856331052,Acheteur AliExpress,,5,,,,,true,2026-04-01,
436,top gainant,1005011856331052,Acheteur AliExpress,,5,,,,,true,2026-03-11,
437,top gainant,1005011856331052,Acheteur AliExpress,,5,,,,,true,2026-04-18,
438,top gainant,1005011856331052,Acheteur AliExpress,,5,,,,,true,2026-03-16,
439,top gainant,1005011856331052,Acheteur AliExpress,,5,,,,,true,2026-04-30,
440,top gainant,1005011856331052,Acheteur AliExpress,,4,,,,,true,2026-05-09,
441,top gainant,1005011856331052,Acheteur AliExpress,,5,,,,,true,2026-03-08,
442,top gainant,1005011856331052,Acheteur AliExpress,,5,,,,,true,2026-03-15,
443,top gainant,1005011856331052,Acheteur AliExpress,,5,,,,,true,2026-03-16,
444,top gainant,1005011856331052,Acheteur AliExpress,,5,,,,,true,2026-04-07,
445,top gainant,1005011856331052,Acheteur AliExpress,,5,,,,,true,2026-05-01,
446,top gainant,1005011856331052,Acheteur AliExpress,,5,,,,,true,2026-03-10,
447,top gainant,1005011856331052,Acheteur AliExpress,,4,,,,,true,2026-03-27,
448,top gainant,1005011856331052,m***a,,5,,,,,true,2026-04-11,
449,top gainant,1005011856331052,Acheteur AliExpress,,5,,,,,true,2026-04-25,
450,top gainant,1005011856331052,Acheteur AliExpress,,5,,,,,true,2026-04-08,
451,top gainant,1005011856331052,Acheteur AliExpress,,5,,,,,true,2026-03-12,
452,top gainant,1005011856331052,l***e,,5,,,,,true,2026-03-04,
453,top gainant,1005011856331052,Acheteur AliExpress,,5,,,,,true,2026-03-17,
454,top gainant,1005011856331052,Acheteur AliExpress,,4,,,,,true,2026-05-07,
455,top gainant,1005011856331052,Acheteur AliExpress,,5,,,,,true,2026-03-08,
456,top gainant,1005011856331052,Acheteur AliExpress,,5,,,,,true,2026-04-06,
457,top gainant,1005011856331052,n***i,,5,,,,,true,2026-04-25,
458,top gainant,1005011856331052,Acheteur AliExpress,,5,,,,,true,2026-05-07,
459,top gainant,1005011856331052,Acheteur AliExpress,,5,,,,,true,2026-05-01,
460,top gainant,1005011856331052,Acheteur AliExpress,,4,,,,,true,2026-04-27,
461,top gainant,1005011856331052,Acheteur AliExpress,,5,,,,,true,2026-03-04,
462,top gainant,1005011856331052,Acheteur AliExpress,,5,,,,,true,2026-04-07,
463,top gainant,1005011856331052,p***a,,5,,,,,true,2026-04-06,
464,top gainant,1005011856331052,Acheteur AliExpress,,5,,,,,true,2026-04-28,
465,top gainant,1005011856331052,Acheteur AliExpress,,5,,,,,true,2026-04-06,
466,top gainant,1005011856331052,Acheteur AliExpress,,5,,,,,true,2026-04-23,
467,top gainant,1005011856331052,Acheteur AliExpress,,4,,,,,true,2026-04-20,
468,top gainant,1005011856331052,Acheteur AliExpress,,5,,,,,true,2026-04-01,
469,top gainant,1005011856331052,Acheteur AliExpress,,5,,,,,true,2026-04-07,
470,top gainant,1005011856331052,Acheteur AliExpress,,5,,,,,true,2026-04-13,
471,top gainant,1005011856331052,Acheteur AliExpress,,5,,,,,true,2026-05-15,
472,top gainant,1005011856331052,Acheteur AliExpress,,5,,,,,true,2026-03-04,
473,top gainant,1005011856331052,Acheteur AliExpress,,5,,,,,true,2026-03-19,
474,top gainant,1005011856331052,Acheteur AliExpress,,4,,,,,true,2026-03-27,
475,top gainant,1005011856331052,Acheteur AliExpress,,5,,,,,true,2026-04-02,
476,top gainant,1005011856331052,Acheteur AliExpress,,5,,,,,true,2026-04-18,
477,top gainant,1005011856331052,Acheteur AliExpress,,5,,,,,true,2026-03-20,
478,top gainant,1005011856331052,Acheteur AliExpress,,5,,,,,true,2026-04-11,
479,top gainant,1005011856331052,r***e,,5,,,,,true,2026-04-10,
480,top gainant,1005011856331052,Acheteur AliExpress,,5,,,,,true,2026-04-22,
481,top gainant,1005011856331052,Acheteur AliExpress,,4,,,,,true,2026-03-19,
482,top gainant,1005011856331052,Acheteur AliExpress,,5,,,,,true,2026-04-19,
483,top gainant,1005011856331052,Acheteur AliExpress,,5,,,,,true,2026-04-14,
484,top gainant,1005011856331052,Acheteur AliExpress,,5,,,,,true,2026-03-13,
485,top gainant,1005011856331052,Acheteur AliExpress,,5,,,,,true,2026-04-05,
486,top gainant,1005011856331052,Acheteur AliExpress,,5,,,,,true,2026-03-22,
487,top gainant,1005011856331052,Acheteur AliExpress,,5,,,,,true,2026-04-27,
488,top gainant,1005011856331052,Acheteur AliExpress,,4,,,,,true,2026-03-28,
489,top gainant,1005011856331052,Acheteur AliExpress,,4,,,,,true,2026-05-08,
490,top gainant,1005011856331052,Acheteur AliExpress,,5,,,,,true,2026-03-27,
491,top gainant,1005011856331052,Acheteur AliExpress,,5,,,,,true,2026-05-05,
492,top gainant,1005011856331052,Acheteur AliExpress,,5,,,,,true,2026-03-27,
493,top gainant,1005011856331052,Acheteur AliExpress,,5,,,,,true,2026-04-30,
494,top gainant,1005011856331052,Acheteur AliExpress,,5,,,,,true,2026-03-22,
495,top gainant,1005011856331052,Acheteur AliExpress,,4,,,,,true,2026-03-16,
496,top gainant,1005011856331052,Acheteur AliExpress,,5,,,,,true,2026-04-03,
497,top gainant,1005011856331052,Acheteur AliExpress,,5,,,,,true,2026-04-03,
498,top gainant,1005011856331052,Acheteur AliExpress,,5,,,,,true,2026-04-22,
499,top gainant,1005011856331052,Acheteur AliExpress,,5,,,,,true,2026-04-16,
500,top gainant,1005011856331052,Acheteur AliExpress,,5,,,,,true,2026-03-09,
501,top gainant,1005011856331052,t***n,,5,,,,,true,2026-03-02,
502,top gainant,1005011856331052,Acheteur AliExpress,,4,,,,,true,2026-04-09,
503,top gainant,1005011856331052,Acheteur AliExpress,,5,,,,,true,2026-04-01,
504,top gainant,1005011856331052,Acheteur AliExpress,,5,,,,,true,2026-05-08,
505,top gainant,1005011856331052,Acheteur AliExpress,,5,,,,,true,2026-03-01,
506,top gainant,1005011856331052,Acheteur AliExpress,,5,,,,,true,2026-04-17,
507,top gainant,1005011856331052,Acheteur AliExpress,,5,,,,,true,2026-03-15,
508,top gainant,1005011856331052,Acheteur AliExpress,,5,,,,,true,2026-03-26,
509,top gainant,1005011856331052,Acheteur AliExpress,,4,,,,,true,2026-04-26,
510,top gainant,1005011856331052,Acheteur AliExpress,,5,,,,,true,2026-05-13,
511,top gainant,1005011856331052,Acheteur AliExpress,,5,,,,,true,2026-04-17,
512,top gainant,1005011856331052,Acheteur AliExpress,,5,,,,,true,2026-04-09,
513,top gainant,1005011856331052,Acheteur AliExpress,,5,,,,,true,2026-03-10,
514,top gainant,1005011856331052,Acheteur AliExpress,,5,,,,,true,2026-04-13,
515,top gainant,1005011856331052,Acheteur AliExpress,,5,,,,,true,2026-03-13,
516,top gainant,1005011856331052,Acheteur AliExpress,,4,,,,,true,2026-03-20,
517,top gainant,1005011856331052,m***a,,5,,,,,true,2026-04-27,
518,top gainant,1005011856331052,Acheteur AliExpress,,5,,,,,true,2026-03-28,
519,top gainant,1005011856331052,Acheteur AliExpress,,5,,,,,true,2026-03-18,
520,top gainant,1005011856331052,Acheteur AliExpress,,5,,,,,true,2026-04-12,
521,top gainant,1005011856331052,Acheteur AliExpress,,5,,,,,true,2026-05-10,
522,top gainant,1005011856331052,l***e,,5,,,,,true,2026-04-24,
523,top gainant,1005011856331052,Acheteur AliExpress,,4,,,,,true,2026-04-26,
524,top gainant,1005011856331052,Acheteur AliExpress,,5,,,,,true,2026-05-05,
525,top gainant,1005011856331052,Acheteur AliExpress,,5,,,,,true,2026-05-01,
526,top gainant,1005011856331052,Acheteur AliExpress,,4,,,,,true,2026-05-07,
527,top gainant,1005011856331052,Acheteur AliExpress,,5,,,,,true,2026-04-02,
528,top gainant,1005011856331052,Acheteur AliExpress,,5,,,,,true,2026-04-04,
529,top gainant,1005011856331052,Acheteur AliExpress,,5,,,,,true,2026-04-09,
530,top gainant,1005011856331052,n***i,,4,,,,,true,2026-03-09,
531,top gainant,1005011856331052,Acheteur AliExpress,,5,,,,,true,2026-05-08,
532,top gainant,1005011856331052,Acheteur AliExpress,,5,,,,,true,2026-04-27,
533,top gainant,1005011856331052,Acheteur AliExpress,,5,,,,,true,2026-03-13,
534,top gainant,1005011856331052,Acheteur AliExpress,,5,,,,,true,2026-04-01,
535,top gainant,1005011856331052,Acheteur AliExpress,,5,,,,,true,2026-03-13,
536,top gainant,1005011856331052,p***a,,5,,,,,true,2026-03-07,
537,top gainant,1005011856331052,Acheteur AliExpress,,4,,,,,true,2026-04-21,
538,top gainant,1005011856331052,Acheteur AliExpress,,5,,,,,true,2026-04-24,
539,top gainant,1005011856331052,Acheteur AliExpress,,5,,,,,true,2026-05-03,
540,top gainant,1005011856331052,Acheteur AliExpress,,5,,,,,true,2026-03-12,
541,top gainant,1005011856331052,Acheteur AliExpress,,5,,,,,true,2026-05-10,
542,top gainant,1005011856331052,Acheteur AliExpress,,5,,,,,true,2026-03-28,
543,top gainant,1005011856331052,Acheteur AliExpress,,5,,,,,true,2026-04-09,
544,top gainant,1005011856331052,Acheteur AliExpress,,4,,,,,true,2026-05-02,
545,top gainant,1005011856331052,Acheteur AliExpress,,5,,,,,true,2026-04-05,
546,top gainant,1005011856331052,Acheteur AliExpress,,5,,,,,true,2026-04-15,
547,top gainant,1005011856331052,r***e,,5,,,,,true,2026-03-05,
548,top gainant,1005011856331052,Acheteur AliExpress,,5,,,,,true,2026-04-30,
549,top gainant,1005011856331052,Acheteur AliExpress,,5,,,,,true,2026-05-12,
550,top gainant,1005011856331052,Acheteur AliExpress,,5,,,,,true,2026-04-12,
551,top gainant,1005011856331052,Acheteur AliExpress,,4,,,,,true,2026-04-06,
552,top gainant,1005011856331052,Acheteur AliExpress,,5,,,,,true,2026-03-05,
553,top gainant,1005011856331052,Acheteur AliExpress,,5,,,,,true,2026-04-22,
554,top gainant,1005011856331052,Acheteur AliExpress,,5,,,,,true,2026-03-09,
555,top gainant,1005011856331052,Acheteur AliExpress,,5,,,,,true,2026-04-18,
556,top gainant,1005011856331052,Acheteur AliExpress,,5,,,,,true,2026-03-16,
557,top gainant,1005011856331052,Acheteur AliExpress,,4,,,,,true,2026-04-15,
558,top gainant,1005011856331052,Acheteur AliExpress,,5,,,,,true,2026-05-13,
559,top gainant,1005011856331052,Acheteur AliExpress,,4,,,,,true,2026-05-06,
560,top gainant,1005011856331052,Acheteur AliExpress,,5,,,,,true,2026-04-25,
561,top gainant,1005011856331052,Acheteur AliExpress,,5,,,,,true,2026-03-14,
562,top gainant,1005011856331052,Acheteur AliExpress,,5,,,,,true,2026-04-23,
563,top gainant,1005011856331052,Acheteur AliExpress,,5,,,,,true,2026-04-10,
564,top gainant,1005011856331052,Acheteur AliExpress,,5,,,,,true,2026-04-24,
565,top gainant,1005011856331052,Acheteur AliExpress,,4,,,,,true,2026-05-10,
566,top gainant,1005011856331052,Acheteur AliExpress,,5,,,,,true,2026-03-10,
567,top gainant,1005011856331052,Acheteur AliExpress,,5,,,,,true,2026-04-27,
568,top gainant,1005011856331052,Acheteur AliExpress,,5,,,,,true,2026-03-17,
569,top gainant,1005011856331052,Acheteur AliExpress,,5,,,,,true,2026-03-08,
570,top gainant,1005011856331052,Acheteur AliExpress,,5,,,,,true,2026-03-27,
571,top gainant,1005011856331052,Acheteur AliExpress,,5,,,,,true,2026-03-16,
572,top gainant,1005011856331052,Acheteur AliExpress,,4,,,,,true,2026-05-15,
573,top gainant,1005011856331052,t***n,,5,,,,,true,2026-04-03,
574,top gainant,1005011856331052,Acheteur AliExpress,,5,,,,,true,2026-03-08,
575,top gainant,1005011856331052,Acheteur AliExpress,,5,,,,,true,2026-05-15,
576,top gainant,1005011856331052,Acheteur AliExpress,,5,,,,,true,2026-05-10,
577,top gainant,1005011856331052,Acheteur AliExpress,,5,,,,,true,2026-03-11,
578,top gainant,1005011856331052,Acheteur AliExpress,,5,,,,,true,2026-04-26,
579,top gainant,1005011856331052,Acheteur AliExpress,,4,,,,,true,2026-03-29,
580,top gainant,1005011856331052,Acheteur AliExpress,,5,,,,,true,2026-04-03,
581,top gainant,1005011856331052,Acheteur AliExpress,,5,,,,,true,2026-03-29,
582,top gainant,1005011856331052,Acheteur AliExpress,,5,,,,,true,2026-05-15,
583,top gainant,1005011856331052,Acheteur AliExpress,,5,,,,,true,2026-04-13,
584,top gainant,1005011856331052,b***i,,5,,,,,true,2026-03-21,
585,top gainant,1005011856331052,Acheteur AliExpress,,5,,,,,true,2026-04-25,
586,top gainant,1005011856331052,Acheteur AliExpress,,4,,,,,true,2026-04-09,
587,top gainant,1005011856331052,Acheteur AliExpress,,5,,,,,true,2026-04-06,
588,top gainant,1005011856331052,c***a,,5,,,,,true,2026-03-31,
589,top gainant,1005011856331052,Acheteur AliExpress,,5,,,,,true,2026-03-17,
590,top gainant,1005011856331052,Acheteur AliExpress,,5,,,,,true,2026-03-14,
591,top gainant,1005011856331052,Acheteur AliExpress,,5,,,,,true,2026-04-11,
592,top gainant,1005011856331052,Acheteur AliExpress,,4,,,,,true,2026-04-22,
593,top gainant,1005011856331052,Acheteur AliExpress,,5,,,,,true,2026-03-28,
594,top gainant,1005011856331052,Acheteur AliExpress,,5,,,,,true,2026-03-13,
595,top gainant,1005011856331052,Acheteur AliExpress,,5,,,,,true,2026-05-03,
596,top gainant,1005011856331052,Acheteur AliExpress,,5,,,,,true,2026-04-09,
597,top gainant,1005011856331052,Acheteur AliExpress,,5,,,,,true,2026-03-06,
598,top gainant,1005011856331052,Acheteur AliExpress,,5,,,,,true,2026-05-14,
599,top gainant,1005011856331052,Acheteur AliExpress,,4,,,,,true,2026-03-05,
600,top gainant,1005011856331052,Acheteur AliExpress,,5,,,,,true,2026-03-28,
601,top gainant,1005011856331052,Acheteur AliExpress,,5,,,,,true,2026-05-15,
602,top gainant,1005011856331052,v***e,,5,,,,,true,2026-03-10,
603,top gainant,1005011856331052,Acheteur AliExpress,,5,,,,,true,2026-04-21,
604,top gainant,1005011856331052,Acheteur AliExpress,,5,,,,,true,2026-03-12,
605,top gainant,1005011856331052,Acheteur AliExpress,,5,,,,,true,2026-04-12,
606,top gainant,1005011856331052,Acheteur AliExpress,,4,,,,,true,2026-03-12,
607,top gainant,1005011856331052,Acheteur AliExpress,,5,,,,,true,2026-04-18,
608,top gainant,1005011856331052,Acheteur AliExpress,,5,,,,,true,2026-03-13,
609,top gainant,1005011856331052,Acheteur AliExpress,,5,,,,,true,2026-05-04,
610,top gainant,1005011856331052,Acheteur AliExpress,,5,,,,,true,2026-05-13,
611,top gainant,1005011856331052,Acheteur AliExpress,,5,,,,,true,2026-04-04,
612,top gainant,1005011856331052,Acheteur AliExpress,,5,,,,,true,2026-04-09,
613,top gainant,1005011856331052,Acheteur AliExpress,,4,,,,,true,2026-04-12,
614,top gainant,1005011856331052,Acheteur AliExpress,,5,,,,,true,2026-04-29,
615,top gainant,1005011856331052,Acheteur AliExpress,,5,,,,,true,2026-03-02,
616,top gainant,1005011856331052,Acheteur AliExpress,,5,,,,,true,2026-03-12,
617,top gainant,1005011856331052,Acheteur AliExpress,,5,,,,,true,2026-04-12,
618,top gainant,1005011856331052,Acheteur AliExpress,,5,,,,,true,2026-04-11,
619,top gainant,1005011856331052,Acheteur AliExpress,,5,,,,,true,2026-04-25,
620,top gainant,1005011856331052,Acheteur AliExpress,,4,,,,,true,2026-03-05,
621,top gainant,1005011856331052,Acheteur AliExpress,,5,,,,,true,2026-03-14,
622,top gainant,1005011856331052,Acheteur AliExpress,,5,,,,,true,2026-05-08,
623,top gainant,1005011856331052,Acheteur AliExpress,,5,,,,,true,2026-03-11,
624,top gainant,1005011856331052,Acheteur AliExpress,,5,,,,,true,2026-04-08,
625,top gainant,1005011856331052,Acheteur AliExpress,,5,,,,,true,2026-03-05,
626,top gainant,1005011856331052,Acheteur AliExpress,,4,,,,,true,2026-04-20,
627,top gainant,1005011856331052,Acheteur AliExpress,,5,,,,,true,2026-04-17,
628,top gainant,1005011856331052,Acheteur AliExpress,,5,,,,,true,2026-03-25,
629,top gainant,1005011856331052,Acheteur AliExpress,,5,,,,,true,2026-05-02,
630,top gainant,1005011856331052,Acheteur AliExpress,,5,,,,,true,2026-05-08,
631,top gainant,1005011856331052,Acheteur AliExpress,,5,,,,,true,2026-05-16,
632,top gainant,1005011856331052,Acheteur AliExpress,,5,,,,,true,2026-03-23,
633,top gainant,1005011856331052,Acheteur AliExpress,,4,,,,,true,2026-03-31,
634,top gainant,1005011856331052,Acheteur AliExpress,,5,,,,,true,2026-03-31,
635,top gainant,1005011856331052,Acheteur AliExpress,,5,,,,,true,2026-05-16,
636,top gainant,1005011856331052,Acheteur AliExpress,,5,,,,,true,2026-04-20,
637,top gainant,1005011856331052,Acheteur AliExpress,,5,,,,,true,2026-03-31,
638,top gainant,1005011856331052,Acheteur AliExpress,,5,,,,,true,2026-03-23,
639,top gainant,1005011856331052,Acheteur AliExpress,,5,,,,,true,2026-03-13,
640,top gainant,1005011856331052,Acheteur AliExpress,,4,,,,,true,2026-05-13,
641,top gainant,1005011856331052,Acheteur AliExpress,,5,,,,,true,2026-03-15,
642,top gainant,1005011856331052,Acheteur AliExpress,,5,,,,,true,2026-05-12,
643,top gainant,1005011856331052,Acheteur AliExpress,,5,,,,,true,2026-05-04,
644,top gainant,1005011856331052,Acheteur AliExpress,,5,,,,,true,2026-04-20,
645,top gainant,1005011856331052,Acheteur AliExpress,,5,,,,,true,2026-03-16,
646,top gainant,1005011856331052,Acheteur AliExpress,,5,,,,,true,2026-04-03,
647,top gainant,1005011856331052,Acheteur AliExpress,,4,,,,,true,2026-04-23,
648,top gainant,1005011856331052,Acheteur AliExpress,,5,,,,,true,2026-05-15,
649,top gainant,1005011856331052,Acheteur AliExpress,,5,,,,,true,2026-03-12,
650,top gainant,1005011856331052,Acheteur AliExpress,,5,,,,,true,2026-03-26,
651,top gainant,1005011856331052,Acheteur AliExpress,,5,,,,,true,2026-03-29,
652,top gainant,1005011856331052,Acheteur AliExpress,,5,,,,,true,2026-03-06,
653,top gainant,1005011856331052,Acheteur AliExpress,,4,,,,,true,2026-04-19,
654,top gainant,1005011856331052,Acheteur AliExpress,,5,,,,,true,2026-05-10,
655,top gainant,1005011856331052,Acheteur AliExpress,,5,,,,,true,2026-04-20,
656,top gainant,1005011856331052,Acheteur AliExpress,,5,,,,,true,2026-04-02,
657,top gainant,1005011856331052,Acheteur AliExpress,,5,,,,,true,2026-03-31,
658,top gainant,1005011856331052,Acheteur AliExpress,,5,,,,,true,2026-03-31,
659,top gainant,1005011856331052,Acheteur AliExpress,,5,,,,,true,2026-03-12,
660,top gainant,1005011856331052,Acheteur AliExpress,,4,,,,,true,2026-04-29,
661,top gainant,1005011856331052,Acheteur AliExpress,,5,,,,,true,2026-04-29,
662,top gainant,1005011856331052,Acheteur AliExpress,,5,,,,,true,2026-05-16,
663,top gainant,1005011856331052,Acheteur AliExpress,,5,,,,,true,2026-03-15,
664,top gainant,1005011856331052,Acheteur AliExpress,,5,,,,,true,2026-04-10,
665,top gainant,1005011856331052,Acheteur AliExpress,,5,,,,,true,2026-04-11,
666,top gainant,1005011856331052,Acheteur AliExpress,,5,,,,,true,2026-04-30,
667,top gainant,1005011856331052,Acheteur AliExpress,,4,,,,,true,2026-03-04,
668,top gainant,1005011856331052,Acheteur AliExpress,,5,,,,,true,2026-05-06,
669,top gainant,1005011856331052,Acheteur AliExpress,,5,,,,,true,2026-04-17,
670,top gainant,1005011856331052,Acheteur AliExpress,,5,,,,,true,2026-05-03,
671,top gainant,1005011856331052,Acheteur AliExpress,,5,,,,,true,2026-03-11,
672,top gainant,1005011856331052,Acheteur AliExpress,,5,,,,,true,2026-05-10,
673,top gainant,1005011856331052,Acheteur AliExpress,,5,,,,,true,2026-05-08,
674,top gainant,1005011856331052,Acheteur AliExpress,,4,,,,,true,2026-04-26,
675,top gainant,1005011856331052,Acheteur AliExpress,,5,,,,,true,2026-05-11,
676,top gainant,1005011856331052,Acheteur AliExpress,,5,,,,,true,2026-04-12,
677,top gainant,1005011856331052,Acheteur AliExpress,,5,,,,,true,2026-03-15,
678,top gainant,1005011856331052,Acheteur AliExpress,,5,,,,,true,2026-04-19,
679,top gainant,1005011856331052,Acheteur AliExpress,,5,,,,,true,2026-03-11,
680,top gainant,1005011856331052,Acheteur AliExpress,,5,,,,,true,2026-03-09,
681,top gainant,1005011856331052,m***a,,4,,,,,true,2026-05-14,
682,top gainant,1005011856331052,Acheteur AliExpress,,5,,,,,true,2026-05-16,
683,top gainant,1005011856331052,Acheteur AliExpress,,5,,,,,true,2026-04-25,
684,top gainant,1005011856331052,l***e,,5,,,,,true,2026-05-10,
685,top gainant,1005011856331052,Acheteur AliExpress,,5,,,,,true,2026-04-27,
686,top gainant,1005011856331052,Acheteur AliExpress,,5,,,,,true,2026-04-28,
687,top gainant,1005011856331052,n***i,,4,,,,,true,2026-04-10,
688,top gainant,1005011856331052,Acheteur AliExpress,,5,,,,,true,2026-04-17,
689,top gainant,1005011856331052,Acheteur AliExpress,,5,,,,,true,2026-04-30,
690,top gainant,1005011856331052,Acheteur AliExpress,,5,,,,,true,2026-03-12,
691,top gainant,1005011856331052,Acheteur AliExpress,,5,,,,,true,2026-04-17,
692,top gainant,1005011856331052,p***a,,5,,,,,true,2026-05-15,
693,top gainant,1005011856331052,Acheteur AliExpress,,5,,,,,true,2026-03-16,
694,top gainant,1005011856331052,Acheteur AliExpress,,4,,,,,true,2026-04-24,
695,top gainant,1005011856331052,Acheteur AliExpress,,4,,,,,true,2026-04-06,
696,top gainant,1005011856331052,Acheteur AliExpress,,5,,,,,true,2026-05-13,
697,top gainant,1005011856331052,Acheteur AliExpress,,5,,,,,true,2026-04-13,
698,top gainant,1005011856331052,Acheteur AliExpress,,5,,,,,true,2026-04-18,
699,top gainant,1005011856331052,Acheteur AliExpress,,5,,,,,true,2026-04-17,
700,top gainant,1005011856331052,Acheteur AliExpress,,5,,,,,true,2026-05-12,
701,top gainant,1005011856331052,Acheteur AliExpress,,5,,,,,true,2026-03-20,
702,top gainant,1005011856331052,t***n,,4,,,,,true,2026-03-11,
703,top gainant,1005011856331052,Acheteur AliExpress,,5,,,,,true,2026-05-02,
704,top gainant,1005011856331052,Acheteur AliExpress,,5,,,,,true,2026-03-28,
705,top gainant,1005011856331052,c***a,,5,,,,,true,2026-04-23,
706,top gainant,1005011856331052,Acheteur AliExpress,,5,,,,,true,2026-04-11,
707,top gainant,1005011856331052,Acheteur AliExpress,,5,,,,,true,2026-04-28,
708,top gainant,1005011856331052,Acheteur AliExpress,,5,,,,,true,2026-03-12,
709,top gainant,1005011856331052,Acheteur AliExpress,,4,,,,,true,2026-05-03,
710,top gainant,1005011856331052,Acheteur AliExpress,,5,,,,,true,2026-05-14,
711,top gainant,1005011856331052,Acheteur AliExpress,,5,,,,,true,2026-05-12,
712,top gainant,1005011856331052,Acheteur AliExpress,,5,,,,,true,2026-04-11,
713,top gainant,1005011856331052,Acheteur AliExpress,,5,,,,,true,2026-03-20,
714,top gainant,1005011856331052,Acheteur AliExpress,,5,,,,,true,2026-04-08,
715,top gainant,1005011856331052,Acheteur AliExpress,,5,,,,,true,2026-04-15,
716,top gainant,1005011856331052,Acheteur AliExpress,,4,,,,,true,2026-04-27,
717,top gainant,1005011856331052,Acheteur AliExpress,,5,,,,,true,2026-04-06,
718,top gainant,1005011856331052,Acheteur AliExpress,,5,,,,,true,2026-03-12,
719,top gainant,1005011856331052,Acheteur AliExpress,,5,,,,,true,2026-04-29,
720,top gainant,1005011856331052,Acheteur AliExpress,,5,,,,,true,2026-03-06,
721,top gainant,1005011856331052,Acheteur AliExpress,,5,,,,,true,2026-03-25,
722,top gainant,1005011856331052,Acheteur AliExpress,,4,,,,,true,2026-03-20,
723,top gainant,1005011856331052,Acheteur AliExpress,,5,,,,,true,2026-04-13,
724,top gainant,1005011856331052,Acheteur AliExpress,,5,,,,,true,2026-03-20,
725,top gainant,1005011856331052,Acheteur AliExpress,,5,,,,,true,2026-03-19,
726,top gainant,1005011856331052,Acheteur AliExpress,,5,,,,,true,2026-04-20,
727,top gainant,1005011856331052,Acheteur AliExpress,,5,,,,,true,2026-03-11,
728,top gainant,1005011856331052,Acheteur AliExpress,,5,,,,,true,2026-04-12,
729,top gainant,1005011856331052,Acheteur AliExpress,,4,,,,,true,2026-05-07,
730,top gainant,1005011856331052,Acheteur AliExpress,,5,,,,,true,2026-05-05,
731,top gainant,1005011856331052,Acheteur AliExpress,,5,,,,,true,2026-03-24,
732,top gainant,1005011856331052,Acheteur AliExpress,,5,,,,,true,2026-05-02,
733,top gainant,1005011856331052,Acheteur AliExpress,,5,,,,,true,2026-03-20,
734,top gainant,1005011856331052,Acheteur AliExpress,,5,,,,,true,2026-03-13,
735,top gainant,1005011856331052,Acheteur AliExpress,,5,,,,,true,2026-05-07,
736,top gainant,1005011856331052,Acheteur AliExpress,,4,,,,,true,2026-03-17,
737,top gainant,1005011856331052,Acheteur AliExpress,,5,,,,,true,2026-04-27,
738,top gainant,1005011856331052,Acheteur AliExpress,,5,,,,,true,2026-04-30,
739,top gainant,1005011856331052,Acheteur AliExpress,,5,,,,,true,2026-04-17,
740,top gainant,1005011856331052,Acheteur AliExpress,,5,,,,,true,2026-04-17,
741,top gainant,1005011856331052,Acheteur AliExpress,,5,,,,,true,2026-04-17,
742,top gainant,1005011856331052,Acheteur AliExpress,,5,,,,,true,2026-03-13,
743,top gainant,1005011856331052,Acheteur AliExpress,,4,,,,,true,2026-03-19,
744,top gainant,1005011856331052,Acheteur AliExpress,,5,,,,,true,2026-04-30,
745,top gainant,1005011856331052,Acheteur AliExpress,,5,,,,,true,2026-03-09,
746,top gainant,1005011856331052,Acheteur AliExpress,,5,,,,,true,2026-05-16,
747,top gainant,1005011856331052,Acheteur AliExpress,,5,,,,,true,2026-05-13,
748,top gainant,1005011856331052,Acheteur AliExpress,,5,,,,,true,2026-05-04,
749,top gainant,1005011856331052,Acheteur AliExpress,,4,,,,,true,2026-04-30,
750,top gainant,1005011856331052,Acheteur AliExpress,,5,,,,,true,2026-04-17,
751,top gainant,1005011856331052,Acheteur AliExpress,,5,,,,,true,2026-03-23,
752,top gainant,1005011856331052,Acheteur AliExpress,,5,,,,,true,2026-05-01,
753,top gainant,1005011856331052,Acheteur AliExpress,,5,,,,,true,2026-03-09,
754,top gainant,1005011856331052,b***i,,5,,,,,true,2026-03-05,
755,top gainant,1005011856331052,Acheteur AliExpress,,5,,,,,true,2026-03-07,
756,top gainant,1005011856331052,Acheteur AliExpress,,4,,,,,true,2026-03-16,
757,top gainant,1005011856331052,Acheteur AliExpress,,5,,,,,true,2026-04-21,
758,top gainant,1005011856331052,X***z,,5,,,,,true,2026-04-19,
759,top gainant,1005011856331052,Acheteur AliExpress,,5,,,,,true,2026-03-08,
760,top gainant,1005011856331052,Acheteur AliExpress,,5,,,,,true,2026-04-16,
761,top gainant,1005011856331052,Acheteur AliExpress,,5,,,,,true,2026-03-21,
762,top gainant,1005011856331052,v***r,,5,,,,,true,2026-04-10,
763,top gainant,1005011856331052,Acheteur AliExpress,,4,,,,,true,2026-03-15,
764,top gainant,1005011856331052,Acheteur AliExpress,,5,,,,,true,2026-04-26,
765,top gainant,1005011856331052,Acheteur AliExpress,,5,,,,,true,2026-04-10,
766,top gainant,1005011856331052,Acheteur AliExpress,,5,,,,,true,2026-05-10,
767,top gainant,1005011856331052,Acheteur AliExpress,,5,,,,,true,2026-03-21,
768,top gainant,1005011856331052,Acheteur AliExpress,,5,,,,,true,2026-03-23,
769,top gainant,1005011856331052,Acheteur AliExpress,,5,,,,,true,2026-03-16,
770,top gainant,1005011856331052,Acheteur AliExpress,,4,,,,,true,2026-03-31,
771,top gainant,1005011856331052,Acheteur AliExpress,,5,,,,,true,2026-03-17,
772,top gainant,1005011856331052,Acheteur AliExpress,,5,,,,,true,2026-05-15,
773,top gainant,1005011856331052,Acheteur AliExpress,,5,,,,,true,2026-04-25,
774,top gainant,1005011856331052,Acheteur AliExpress,,5,,,,,true,2026-03-16,
775,top gainant,1005011856331052,Acheteur AliExpress,,5,,,,,true,2026-03-21,
776,top gainant,1005011856331052,Acheteur AliExpress,,5,,,,,true,2026-04-14,
777,top gainant,1005011856331052,Acheteur AliExpress,,4,,,,,true,2026-04-06,
778,top gainant,1005011856331052,Acheteur AliExpress,,5,,,,,true,2026-05-10,
779,top gainant,1005011856331052,Acheteur AliExpress,,5,,,,,true,2026-05-08,
780,top gainant,1005011856331052,Acheteur AliExpress,,5,,,,,true,2026-05-15,
781,top gainant,1005011856331052,Acheteur AliExpress,,5,,,,,true,2026-04-21,
782,top gainant,1005011856331052,Acheteur AliExpress,,5,,,,,true,2026-04-19,
783,top gainant,1005011856331052,Acheteur AliExpress,,4,,,,,true,2026-03-21,
784,top gainant,1005011856331052,Acheteur AliExpress,,5,,,,,true,2026-04-10,
785,top gainant,1005011856331052,Acheteur AliExpress,,5,,,,,true,2026-04-30,
786,top gainant,1005011856331052,Acheteur AliExpress,,5,,,,,true,2026-05-12,
787,top gainant,1005011856331052,Acheteur AliExpress,,5,,,,,true,2026-04-06,
788,top gainant,1005011856331052,Acheteur AliExpress,,5,,,,,true,2026-05-10,
789,top gainant,1005011856331052,Acheteur AliExpress,,5,,,,,true,2026-03-16,
790,top gainant,1005011856331052,Acheteur AliExpress,,4,,,,,true,2026-04-30,
791,top gainant,1005011856331052,Acheteur AliExpress,,5,,,,,true,2026-04-18,
792,top gainant,1005011856331052,Acheteur AliExpress,,5,,,,,true,2026-03-05,
793,top gainant,1005011856331052,Acheteur AliExpress,,5,,,,,true,2026-03-25,
794,top gainant,1005011856331052,Acheteur AliExpress,,5,,,,,true,2026-03-20,
795,top gainant,1005011856331052,Acheteur AliExpress,,5,,,,,true,2026-05-04,
796,top gainant,1005011856331052,Acheteur AliExpress,,5,,,,,true,2026-03-08,
797,top gainant,1005011856331052,Acheteur AliExpress,,4,,,,,true,2026-05-11,
798,top gainant,1005011856331052,Acheteur AliExpress,,5,,,,,true,2026-05-07,
799,top gainant,1005011856331052,Acheteur AliExpress,,5,,,,,true,2026-04-28,
800,top gainant,1005011856331052,Acheteur AliExpress,,5,,,,,true,2026-04-15,
801,top gainant,1005011856331052,Acheteur AliExpress,,5,,,,,true,2026-04-03,
802,top gainant,1005011856331052,Acheteur AliExpress,,5,,,,,true,2026-05-02,
803,top gainant,1005011856331052,Acheteur AliExpress,,5,,,,,true,2026-04-05,
804,top gainant,1005011856331052,Acheteur AliExpress,,4,,,,,true,2026-05-09,
805,top gainant,1005011856331052,Acheteur AliExpress,,5,,,,,true,2026-04-14,
806,top gainant,1005011856331052,Acheteur AliExpress,,5,,,,,true,2026-04-07,
807,top gainant,1005011856331052,Acheteur AliExpress,,5,,,,,true,2026-03-11,
808,top gainant,1005011856331052,Acheteur AliExpress,,5,,,,,true,2026-04-02,
809,top gainant,1005011856331052,Acheteur AliExpress,,5,,,,,true,2026-05-08,
810,top gainant,1005011856331052,Acheteur AliExpress,,4,,,,,true,2026-04-04,
811,top gainant,1005011856331052,Acheteur AliExpress,,5,,,,,true,2026-05-15,
812,top gainant,1005011856331052,Acheteur AliExpress,,5,,,,,true,2026-04-30,
813,top gainant,1005011856331052,Acheteur AliExpress,,5,,,,,true,2026-03-05,
814,top gainant,1005011856331052,Acheteur AliExpress,,5,,,,,true,2026-05-03,
815,top gainant,1005011856331052,Acheteur AliExpress,,5,,,,,true,2026-04-07,
816,top gainant,1005011856331052,Acheteur AliExpress,,5,,,,,true,2026-04-01,
817,top gainant,1005011856331052,Acheteur AliExpress,,4,,,,,true,2026-04-27,
818,top gainant,1005011856331052,Acheteur AliExpress,,5,,,,,true,2026-04-08,
819,top gainant,1005011856331052,Acheteur AliExpress,,5,,,,,true,2026-04-03,
820,top gainant,1005011856331052,Acheteur AliExpress,,5,,,,,true,2026-03-08,
821,top gainant,1005011856331052,Acheteur AliExpress,,5,,,,,true,2026-03-21,
822,top gainant,1005011856331052,Acheteur AliExpress,,5,,,,,true,2026-04-09,
823,top gainant,1005011856331052,Acheteur AliExpress,,5,,,,,true,2026-04-07,
824,top gainant,1005011856331052,Acheteur AliExpress,,4,,,,,true,2026-03-18,
825,top gainant,1005011856331052,Acheteur AliExpress,,5,,,,,true,2026-04-17,
826,top gainant,1005011856331052,Acheteur AliExpress,,5,,,,,true,2026-04-30,
827,top gainant,1005011856331052,A***r,,5,,,,,true,2026-03-28,
828,top gainant,1005011856331052,w***R,,5,,,,,true,2026-05-16,
829,top gainant,1005011856331052,u***Q,,5,,,,,true,2026-03-15,
830,top gainant,1005011856331052,Acheteur AliExpress,,5,,,,,true,2026-05-02,
831,top gainant,1005011856331052,Acheteur AliExpress,,4,,,,,true,2026-03-08,
832,top gainant,1005011856331052,Acheteur AliExpress,,5,,,,,true,2026-04-28,
833,top gainant,1005011856331052,Acheteur AliExpress,,5,,,,,true,2026-04-09,
834,top gainant,1005011856331052,Acheteur AliExpress,,4,,,,,true,2026-03-01,
835,top gainant,1005011856331052,z***T,,5,,,,,true,2026-03-06,
836,top gainant,1005011856331052,F***F,,5,,,,,true,2026-05-09,
837,top gainant,1005011856331052,Acheteur AliExpress,,5,,,,,true,2026-03-09,
838,top gainant,1005011856331052,Acheteur AliExpress,,5,,,,,true,2026-04-06,
839,top gainant,1005011856331052,Acheteur AliExpress,,4,,,,,true,2026-04-23,
840,top gainant,1005011856331052,Acheteur AliExpress,,4,,,,,true,2026-04-27,
841,top gainant,1005011856331052,s***M,,4,,,,,true,2026-04-18,
842,top gainant,1005011856331052,p***X,,5,,,,,true,2026-05-09,
843,top gainant,1005011856331052,Acheteur AliExpress,,5,,,,,true,2026-03-16,
844,top gainant,1005011856331052,Acheteur AliExpress,,5,,,,,true,2026-05-07,
845,top gainant,1005011856331052,Acheteur AliExpress,,5,,,,,true,2026-03-01,
846,top gainant,1005011856331052,Acheteur AliExpress,,5,,,,,true,2026-04-29,
847,top gainant,1005011856331052,Acheteur AliExpress,,4,,,,,true,2026-05-08,
848,top gainant,1005011856331052,Acheteur AliExpress,,5,,,,,true,2026-04-28,
849,top gainant,1005011856331052,Acheteur AliExpress,,5,,,,,true,2026-03-15,
850,top gainant,1005011856331052,Acheteur AliExpress,,4,,,,,true,2026-03-03,
851,top gainant,1005011856331052,Acheteur AliExpress,,5,,,,,true,2026-05-13,
852,top gainant,1005011856331052,Acheteur AliExpress,,5,,,,,true,2026-04-11,
853,top gainant,1005011856331052,Acheteur AliExpress,,5,,,,,true,2026-05-06,
854,top gainant,1005011856331052,Acheteur AliExpress,,5,,,,,true,2026-03-08,
855,top gainant,1005011856331052,Acheteur AliExpress,,4,,,,,true,2026-03-23,
856,top gainant,1005011856331052,Acheteur AliExpress,,5,,,,,true,2026-05-03,
857,top gainant,1005011856331052,Acheteur AliExpress,,5,,,,,true,2026-04-18,
858,top gainant,1005011856331052,j***G,,5,,,,,true,2026-04-23,
859,top gainant,1005011856331052,Acheteur AliExpress,,5,,,,,true,2026-03-24,
860,top gainant,1005011856331052,P***K,,4,,,,,true,2026-03-29,
861,top gainant,1005011856331052,Acheteur AliExpress,,5,,,,,true,2026-04-29,
862,top gainant,1005011856331052,Acheteur AliExpress,,4,,,,,true,2026-04-23,
863,top gainant,1005011856331052,Acheteur AliExpress,,3,,,,,true,2026-04-01,
864,top gainant,1005011856331052,Acheteur AliExpress,,5,,,,,true,2026-04-20,
865,top gainant,1005011856331052,Acheteur AliExpress,,4,,,,,true,2026-04-06,
866,top gainant,1005011856331052,Acheteur AliExpress,,4,,,,,true,2026-04-15,
867,top gainant,1005011856331052,Acheteur AliExpress,,5,,,,,true,2026-05-03,
868,top gainant,1005011856331052,F***L,,5,,,,,true,2026-04-30,
869,top gainant,1005011856331052,Acheteur AliExpress,,5,,,,,true,2026-03-27,
870,top gainant,1005011856331052,k***P,,5,,,,,true,2026-05-12,
871,top gainant,1005011856331052,Acheteur AliExpress,,5,,,,,true,2026-03-03,
872,top gainant,1005011856331052,Acheteur AliExpress,,5,,,,,true,2026-05-14,
873,top gainant,1005011856331052,Acheteur AliExpress,,4,,,,,true,2026-03-26,
874,top gainant,1005011856331052,Acheteur AliExpress,,4,,,,,true,2026-04-01,
875,top gainant,1005011856331052,Acheteur AliExpress,,5,,,,,true,2026-04-13,
876,top gainant,1005011856331052,A***d,,4,,,,,true,2026-05-02,
877,top gainant,1005011856331052,E***i,,3,,,,,true,2026-04-15,
878,top gainant,1005011856331052,Acheteur AliExpress,,5,,,,,true,2026-05-02,
879,top gainant,1005011856331052,X***S,,5,,,,,true,2026-03-08,
880,top gainant,1005011856331052,Acheteur AliExpress,,5,,,,,true,2026-03-10,
881,top gainant,1005011856331052,p***h,,5,,,,,true,2026-03-01,
882,top gainant,1005011856331052,Acheteur AliExpress,,5,,,,,true,2026-03-30,
883,top gainant,1005011856331052,Acheteur AliExpress,,4,,,,,true,2026-04-22,
884,top gainant,1005011856331052,N***r,,5,,,,,true,2026-04-05,
885,top gainant,1005011856331052,Acheteur AliExpress,,5,,,,,true,2026-05-04,
886,top gainant,1005011856331052,F***o,,4,,,,,true,2026-03-23,
887,top gainant,1005011856331052,Acheteur AliExpress,,5,,,,,true,2026-04-17,
888,top gainant,1005011856331052,Acheteur AliExpress,,5,,,,,true,2026-04-01,
889,top gainant,1005011856331052,Acheteur AliExpress,,5,,,,,true,2026-03-11,
890,top gainant,1005011856331052,Acheteur AliExpress,,4,,,,,true,2026-03-05,
891,top gainant,1005011856331052,l***j,,4,,,,,true,2026-05-10,
892,top gainant,1005011856331052,Acheteur AliExpress,,5,,,,,true,2026-03-22,
893,top gainant,1005011856331052,C***W,,5,,,,,true,2026-04-12,
894,top gainant,1005011856331052,Acheteur AliExpress,,5,,,,,true,2026-03-13,
895,top gainant,1005011856331052,a***n,,5,,,,,true,2026-03-30,
896,top gainant,1005011856331052,K***z,,5,,,,,true,2026-05-12,
897,top gainant,1005011856331052,a***z,,4,,,,,true,2026-03-19,
898,top gainant,1005011856331052,R***K,,5,,,,,true,2026-04-20,
899,top gainant,1005011856331052,e***O,,4,,,,,true,2026-05-12,
900,top gainant,1005011856331052,Acheteur AliExpress,,5,,,,,true,2026-04-19,
901,top gainant,1005011856331052,O***B,,5,,,,,true,2026-04-19,
902,top gainant,1005011856331052,Acheteur AliExpress,,4,,,,,true,2026-04-18,
903,top gainant,1005011856331052,Acheteur AliExpress,,5,,,,,true,2026-04-18,
904,top gainant,1005011856331052,Acheteur AliExpress,,5,,,,,true,2026-04-01,
905,top gainant,1005011856331052,Acheteur AliExpress,,5,,,,,true,2026-04-26,
906,top gainant,1005011856331052,H***Y,,5,,,,,true,2026-03-17,
907,top gainant,1005011856331052,Acheteur AliExpress,,4,,,,,true,2026-05-11,
908,top gainant,1005011856331052,i***r,,5,,,,,true,2026-03-04,
909,top gainant,1005011856331052,M***X,,4,,,,,true,2026-05-16,
910,top gainant,1005011856331052,Acheteur AliExpress,,5,,,,,true,2026-04-19,
911,top gainant,1005011856331052,Acheteur AliExpress,,5,,,,,true,2026-03-11,
912,top gainant,1005011856331052,Acheteur AliExpress,,5,,,,,true,2026-04-01,
913,top gainant,1005011856331052,Acheteur AliExpress,,5,,,,,true,2026-03-10,
914,top gainant,1005011856331052,Acheteur AliExpress,,5,,,,,true,2026-05-03,
915,top gainant,1005011856331052,T***S,,4,,,,,true,2026-05-16,
916,top gainant,1005011856331052,Acheteur AliExpress,,5,,,,,true,2026-03-26,
917,top gainant,1005011856331052,Acheteur AliExpress,,5,,,,,true,2026-05-08,
918,top gainant,1005011856331052,Acheteur AliExpress,,5,,,,,true,2026-03-14,
919,top gainant,1005011856331052,r***T,,5,,,,,true,2026-04-15,
920,top gainant,1005011856331052,Acheteur AliExpress,,5,,,,,true,2026-05-12,
921,top gainant,1005011856331052,Acheteur AliExpress,,4,,,,,true,2026-04-21,
922,top gainant,1005011856331052,k***M,,5,,,,,true,2026-04-25,
923,top gainant,1005011856331052,Acheteur AliExpress,,5,,,,,true,2026-05-15,
924,top gainant,1005011856331052,Acheteur AliExpress,,5,,,,,true,2026-04-14,
925,top gainant,1005011856331052,Acheteur AliExpress,,4,,,,,true,2026-03-27,
926,top gainant,1005011856331052,Acheteur AliExpress,,5,,,,,true,2026-03-13,
927,top gainant,1005011856331052,c***n,,5,,,,,true,2026-04-10,
928,top gainant,1005011856331052,Acheteur AliExpress,,5,,,,,true,2026-04-20,
929,top gainant,1005011856331052,o***R,,4,,,,,true,2026-03-26,
930,top gainant,1005011856331052,Acheteur AliExpress,,5,,,,,true,2026-03-01,
931,top gainant,1005011856331052,Acheteur AliExpress,,5,,,,,true,2026-03-09,
932,top gainant,1005011856331052,F***I,,5,,,,,true,2026-05-08,
933,top gainant,1005011856331052,Acheteur AliExpress,,5,,,,,true,2026-04-28,
934,top gainant,1005011856331052,Acheteur AliExpress,,5,,,,,true,2026-05-02,
935,top gainant,1005011856331052,Acheteur AliExpress,,5,,,,,true,2026-05-16,
936,top gainant,1005011856331052,Acheteur AliExpress,,4,,,,,true,2026-03-15,
937,top gainant,1005011856331052,Acheteur AliExpress,,4,,,,,true,2026-03-23,
938,top gainant,1005011856331052,Acheteur AliExpress,,5,,,,,true,2026-04-08,
939,top gainant,1005011856331052,Acheteur AliExpress,,5,,,,,true,2026-03-18,
940,top gainant,1005011856331052,z***m,,5,,,,,true,2026-03-15,
941,top gainant,1005011856331052,Acheteur AliExpress,,5,,,,,true,2026-05-05,
942,top gainant,1005011856331052,Acheteur AliExpress,,5,,,,,true,2026-05-13,
943,top gainant,1005011856331052,Acheteur AliExpress,,5,,,,,true,2026-04-28,
944,top gainant,1005011856331052,Acheteur AliExpress,,4,,,,,true,2026-05-03,
945,top gainant,1005011856331052,R***w,,5,,,,,true,2026-03-12,
946,top gainant,1005011856331052,Acheteur AliExpress,,5,,,,,true,2026-03-31,
947,top gainant,1005011856331052,Acheteur AliExpress,,5,,,,,true,2026-04-14,
948,top gainant,1005011856331052,Acheteur AliExpress,,5,,,,,true,2026-04-24,
949,top gainant,1005011856331052,Acheteur AliExpress,,5,,,,,true,2026-04-11,
950,top gainant,1005011856331052,Acheteur AliExpress,,5,,,,,true,2026-05-13,
951,top gainant,1005011856331052,Acheteur AliExpress,,4,,,,,true,2026-03-13,
952,top gainant,1005011856331052,Acheteur AliExpress,,5,,,,,true,2026-04-22,
953,top gainant,1005011856331052,H***x,,5,,,,,true,2026-03-17,
954,top gainant,1005011856331052,Acheteur AliExpress,,4,,,,,true,2026-04-23,
955,top gainant,1005011856331052,Acheteur AliExpress,,5,,,,,true,2026-03-01,
956,top gainant,1005011856331052,m***z,,5,,,,,true,2026-03-12,
957,top gainant,1005011856331052,Acheteur AliExpress,,5,,,,,true,2026-04-15,
958,top gainant,1005011856331052,Acheteur AliExpress,,4,,,,,true,2026-04-20,
959,top gainant,1005011856331052,Acheteur AliExpress,,5,,,,,true,2026-03-28,
960,top gainant,1005011856331052,G***b,,5,,,,,true,2026-04-06,
961,top gainant,1005011856331052,t***J,,5,,,,,true,2026-05-12,
962,top gainant,1005011856331052,Acheteur AliExpress,,5,,,,,true,2026-03-07,
963,top gainant,1005011856331052,i***x,,5,,,,,true,2026-04-28,
964,top gainant,1005011856331052,l***R,,5,,,,,true,2026-03-21,
965,top gainant,1005011856331052,Acheteur AliExpress,,4,,,,,true,2026-03-22,
966,top gainant,1005011856331052,Acheteur AliExpress,,5,,,,,true,2026-03-30,
967,top gainant,1005011856331052,Acheteur AliExpress,,5,,,,,true,2026-03-02,
968,top gainant,1005011856331052,R***j,,5,,,,,true,2026-03-16,
969,top gainant,1005011856331052,Acheteur AliExpress,,5,,,,,true,2026-03-17,
970,top gainant,1005011856331052,Acheteur AliExpress,,5,,,,,true,2026-03-12,
971,top gainant,1005011856331052,Acheteur AliExpress,,5,,,,,true,2026-03-20,
972,top gainant,1005011856331052,Acheteur AliExpress,,4,,,,,true,2026-04-26,
973,top gainant,1005011856331052,Acheteur AliExpress,,5,,,,,true,2026-05-16,
974,top gainant,1005011856331052,Acheteur AliExpress,,5,,,,,true,2026-03-04,
975,top gainant,1005011856331052,Acheteur AliExpress,,5,,,,,true,2026-04-08,
976,top gainant,1005011856331052,Acheteur AliExpress,,5,,,,,true,2026-03-25,
977,top gainant,1005011856331052,L***M,,5,,,,,true,2026-03-07,
978,top gainant,1005011856331052,Acheteur AliExpress,,5,,,,,true,2026-03-31,
979,top gainant,1005011856331052,S***O,,3,,,,,true,2026-04-16,
980,top gainant,1005011856331052,Acheteur AliExpress,,4,,,,,true,2026-04-20,
981,top gainant,1005011856331052,Acheteur AliExpress,,5,,,,,true,2026-05-04,
982,top gainant,1005011856331052,G***A,,5,,,,,true,2026-04-21,
983,top gainant,1005011856331052,Acheteur AliExpress,,5,,,,,true,2026-03-20,
984,top gainant,1005011856331052,Acheteur AliExpress,,5,,,,,true,2026-05-05,
985,top gainant,1005011856331052,Acheteur AliExpress,,5,,,,,true,2026-03-20,
986,top gainant,1005011856331052,Acheteur AliExpress,,5,,,,,true,2026-03-09,
987,top gainant,1005011856331052,T***F,,4,,,,,true,2026-03-31,
988,top gainant,1005011856331052,Acheteur AliExpress,,5,,,,,true,2026-04-03,
989,top gainant,1005011856331052,Acheteur AliExpress,,3,,,,,true,2026-04-17,
990,top gainant,1005011856331052,G***w,,5,,,,,true,2026-05-13,
991,top gainant,1005011856331052,Acheteur AliExpress,,5,,,,,true,2026-04-10,
992,top gainant,1005011856331052,Acheteur AliExpress,,5,,,,,true,2026-04-07,
993,top gainant,1005011856331052,Acheteur AliExpress,,5,,,,,true,2026-04-01,
994,top gainant,1005011856331052,Acheteur AliExpress,,4,,,,,true,2026-05-03,
995,top gainant,1005011856331052,Acheteur AliExpress,,5,,,,,true,2026-05-09,
996,top gainant,1005011856331052,Acheteur AliExpress,,5,,,,,true,2026-03-01,
997,top gainant,1005011856331052,Acheteur AliExpress,,4,,,,,true,2026-04-20,
998,top gainant,1005011856331052,Acheteur AliExpress,,5,,,,,true,2026-04-10,
999,top gainant,1005011856331052,Acheteur AliExpress,,5,,,,,true,2026-03-26,
1000,top gainant,1005011856331052,v***U,,5,,,,,true,2026-03-14,
1001,top gainant,1005011856331052,Acheteur AliExpress,,3,,,,,true,2026-04-15,
1002,top gainant,1005011856331052,L***l,,5,,,,,true,2026-03-18,
1003,top gainant,1005011856331052,Acheteur AliExpress,,4,,,,,true,2026-03-10,
1004,top gainant,1005011856331052,Acheteur AliExpress,,5,,,,,true,2026-03-23,
1005,top gainant,1005011856331052,Acheteur AliExpress,,5,,,,,true,2026-04-05,
1006,top gainant,1005011856331052,Acheteur AliExpress,,5,,,,,true,2026-03-05,
1007,top gainant,1005011856331052,Acheteur AliExpress,,4,,,,,true,2026-04-07,
1008,top gainant,1005011856331052,Acheteur AliExpress,,5,,,,,true,2026-05-01,
1009,top gainant,1005011856331052,Acheteur AliExpress,,5,,,,,true,2026-03-18,
1010,top gainant,1005011856331052,o***c,,5,,,,,true,2026-05-07,
1011,top gainant,1005011856331052,Acheteur AliExpress,,4,,,,,true,2026-05-09,
1012,top gainant,1005011856331052,Acheteur AliExpress,,5,,,,,true,2026-04-15,
1013,top gainant,1005011856331052,Acheteur AliExpress,,5,,,,,true,2026-04-14,
1014,top gainant,1005011856331052,Acheteur AliExpress,,5,,,,,true,2026-04-19,
1015,top gainant,1005011856331052,Acheteur AliExpress,,5,,,,,true,2026-04-15,
1016,top gainant,1005011856331052,Acheteur AliExpress,,5,,,,,true,2026-03-17,
1017,top gainant,1005011856331052,Acheteur AliExpress,,5,,,,,true,2026-04-25,
1018,top gainant,1005011856331052,R***x,,4,,,,,true,2026-04-10,
1019,top gainant,1005011856331052,R***A,,5,,,,,true,2026-04-15,
1020,top gainant,1005011856331052,l***q,,5,,,,,true,2026-03-23,
1021,top gainant,1005011856331052,Acheteur AliExpress,,5,,,,,true,2026-04-07,
1022,top gainant,1005011856331052,Acheteur AliExpress,,5,,,,,true,2026-05-13,
1023,top gainant,1005011856331052,M***s,,5,,,,,true,2026-05-12,
1024,top gainant,1005011856331052,Acheteur AliExpress,,4,,,,,true,2026-03-29,
1025,top gainant,1005011856331052,Acheteur AliExpress,,5,,,,,true,2026-04-01,
1026,top gainant,1005011856331052,Acheteur AliExpress,,3,,,,,true,2026-03-14,
1027,top gainant,1005011856331052,A***u,,5,,,,,true,2026-05-13,
1028,top gainant,1005011856331052,Acheteur AliExpress,,5,,,,,true,2026-03-21,
1029,top gainant,1005011856331052,Q***V,,5,,,,,true,2026-03-05,
1030,top gainant,1005011856331052,Acheteur AliExpress,,5,,,,,true,2026-03-14,
1031,top gainant,1005011856331052,i***C,,5,,,,,true,2026-03-07,
1032,top gainant,1005011856331052,Acheteur AliExpress,,4,,,,,true,2026-03-25,
1033,top gainant,1005011856331052,b***G,,3,,,,,true,2026-05-09,
1034,top gainant,1005011856331052,Acheteur AliExpress,,5,,,,,true,2026-03-31,
1035,top gainant,1005011856331052,C***U,,5,,,,,true,2026-05-10,
1036,top gainant,1005011856331052,Acheteur AliExpress,,5,,,,,true,2026-03-15,
1037,top gainant,1005011856331052,Acheteur AliExpress,,5,,,,,true,2026-05-02,
1038,top gainant,1005011856331052,Acheteur AliExpress,,5,,,,,true,2026-05-09,
1039,top gainant,1005011856331052,J***O,,5,,,,,true,2026-04-18,
1040,top gainant,1005011856331052,Acheteur AliExpress,,4,,,,,true,2026-04-03,
1041,top gainant,1005011856331052,S***r,,5,,,,,true,2026-04-04,
1042,top gainant,1005011856331052,Acheteur AliExpress,,3,,,,,true,2026-05-13,
1043,top gainant,1005011856331052,Acheteur AliExpress,,5,,,,,true,2026-03-16,
1044,top gainant,1005011856331052,Acheteur AliExpress,,5,,,,,true,2026-03-22,
1045,top gainant,1005011856331052,Acheteur AliExpress,,5,,,,,true,2026-03-17,
1046,top gainant,1005011856331052,Acheteur AliExpress,,5,,,,,true,2026-05-14,
1047,top gainant,1005011856331052,m***v,,5,,,,,true,2026-03-14,
1048,top gainant,1005011856331052,Acheteur AliExpress,,4,,,,,true,2026-04-21,
1049,top gainant,1005011856331052,Acheteur AliExpress,,5,,,,,true,2026-04-12,
1050,top gainant,1005011856331052,p***C,,5,,,,,true,2026-03-13,
1051,top gainant,1005011856331052,Acheteur AliExpress,,5,,,,,true,2026-04-08,
1052,top gainant,1005011856331052,Acheteur AliExpress,,5,,,,,true,2026-04-11,
1053,top gainant,1005011856331052,Acheteur AliExpress,,5,,,,,true,2026-03-12,
1054,top gainant,1005011856331052,Acheteur AliExpress,,5,,,,,true,2026-04-22,
1055,top gainant,1005011856331052,K***Q,,4,,,,,true,2026-04-17,
1056,top gainant,1005011856331052,Acheteur AliExpress,,4,,,,,true,2026-03-21,
1057,top gainant,1005011856331052,Acheteur AliExpress,,5,,,,,true,2026-04-21,
1058,top gainant,1005011856331052,r***u,,5,,,,,true,2026-05-12,
1059,top gainant,1005011856331052,Acheteur AliExpress,,5,,,,,true,2026-04-05,
1060,top gainant,1005011856331052,Acheteur AliExpress,,5,,,,,true,2026-04-20,
1061,top gainant,1005011856331052,G***r,,5,,,,,true,2026-03-12,
1062,top gainant,1005011856331052,Acheteur AliExpress,,4,,,,,true,2026-03-21,
1063,top gainant,1005011856331052,Acheteur AliExpress,,5,,,,,true,2026-03-28,
1064,top gainant,1005011856331052,s***T,,5,,,,,true,2026-03-27,
1065,top gainant,1005011856331052,Acheteur AliExpress,,5,,,,,true,2026-03-03,
1066,top gainant,1005011856331052,Acheteur AliExpress,,5,,,,,true,2026-03-02,
1067,top gainant,1005011856331052,Acheteur AliExpress,,5,,,,,true,2026-04-05,
1068,top gainant,1005011856331052,Acheteur AliExpress,,5,,,,,true,2026-04-14,
1069,top gainant,1005011856331052,Acheteur AliExpress,,4,,,,,true,2026-04-08,
1070,top gainant,1005011856331052,n***a,,5,,,,,true,2026-04-20,
1071,top gainant,1005011856331052,Acheteur AliExpress,,5,,,,,true,2026-03-08,
1072,top gainant,1005011856331052,Acheteur AliExpress,,5,,,,,true,2026-05-16,
1073,top gainant,1005011856331052,Acheteur AliExpress,,4,,,,,true,2026-03-18,
1074,top gainant,1005011856331052,Acheteur AliExpress,,5,,,,,true,2026-04-07,
1075,top gainant,1005011856331052,F***q,,4,,,,,true,2026-04-19,
1076,top gainant,1005011856331052,Acheteur AliExpress,,5,,,,,true,2026-05-13,
1077,top gainant,1005011856331052,Acheteur AliExpress,,5,,,,,true,2026-03-29,
1078,top gainant,1005011856331052,Acheteur AliExpress,,4,,,,,true,2026-04-30,
1079,top gainant,1005011856331052,Acheteur AliExpress,,5,,,,,true,2026-05-04,
1080,top gainant,1005011856331052,J***I,,5,,,,,true,2026-04-09,
1081,top gainant,1005011856331052,Acheteur AliExpress,,5,,,,,true,2026-04-17,
1082,top gainant,1005011856331052,Acheteur AliExpress,,5,,,,,true,2026-03-16,
1083,top gainant,1005011856331052,Acheteur AliExpress,,5,,,,,true,2026-05-14,
1084,top gainant,1005011856331052,Acheteur AliExpress,,5,,,,,true,2026-04-30,
1085,top gainant,1005011856331052,Acheteur AliExpress,,4,,,,,true,2026-04-18,
1086,top gainant,1005011856331052,Acheteur AliExpress,,5,,,,,true,2026-03-20,
1087,top gainant,1005011856331052,Acheteur AliExpress,,5,,,,,true,2026-04-22,
1088,top gainant,1005011856331052,Acheteur AliExpress,,5,,,,,true,2026-04-28,
1089,top gainant,1005011856331052,h***T,,5,,,,,true,2026-03-24,
1090,top gainant,1005011856331052,Acheteur AliExpress,,5,,,,,true,2026-03-23,
1091,top gainant,1005011856331052,E***F,,5,,,,,true,2026-05-01,
1092,top gainant,1005011856331052,n***a,,5,,,,,true,2026-03-22,
1093,top gainant,1005011856331052,Acheteur AliExpress,,5,,,,,true,2026-04-05,
1094,top gainant,1005011856331052,Acheteur AliExpress,,5,,,,,true,2026-04-21,
1095,top gainant,1005011856331052,Acheteur AliExpress,,4,,,,,true,2026-04-20,
1096,top gainant,1005011856331052,t***w,,5,,,,,true,2026-03-01,
1097,top gainant,1005011856331052,Acheteur AliExpress,,4,,,,,true,2026-03-12,
1098,top gainant,1005011856331052,Acheteur AliExpress,,4,,,,,true,2026-03-17,
1099,top gainant,1005011856331052,Acheteur AliExpress,,5,,,,,true,2026-05-15,
1100,top gainant,1005011856331052,Acheteur AliExpress,,5,,,,,true,2026-04-10,
1101,top gainant,1005011856331052,Acheteur AliExpress,,5,,,,,true,2026-02-22,
1102,top gainant,1005011856331052,Acheteur AliExpress,,5,,,,,true,2026-03-12,
1103,top gainant,1005011856331052,Acheteur AliExpress,,5,,,,,true,2026-05-11,
1104,top gainant,1005011856331052,Acheteur AliExpress,,5,,,,,true,2026-04-22,
1105,top gainant,1005011856331052,Acheteur AliExpress,,5,,,,,true,2026-05-09,
1106,top gainant,1005011856331052,Acheteur AliExpress,,5,,,,,true,2026-03-13,
1107,top gainant,1005011856331052,Acheteur AliExpress,,5,,,,,true,2026-04-22,
1108,top gainant,1005011856331052,Acheteur AliExpress,,5,,,,,true,2026-03-23,
1109,top gainant,1005011856331052,Acheteur AliExpress,,4,,,,,true,2026-03-12,
1110,top gainant,1005011856331052,Acheteur AliExpress,,5,,,,,true,2026-03-23,
1111,top gainant,1005011856331052,Acheteur AliExpress,,4,,,,,true,2026-02-23,
1112,top gainant,1005011856331052,Acheteur AliExpress,,5,,,,,true,2026-04-25,
1113,top gainant,1005011856331052,Acheteur AliExpress,,5,,,,,true,2026-03-25,
1114,top gainant,1005011856331052,Acheteur AliExpress,,5,,,,,true,2026-05-13,
1115,top gainant,1005011856331052,Acheteur AliExpress,,5,,,,,true,2026-03-11,
1116,top gainant,1005011856331052,Acheteur AliExpress,,5,,,,,true,2026-03-04,
1117,top gainant,1005011856331052,Acheteur AliExpress,,4,,,,,true,2026-03-10,
1118,top gainant,1005011856331052,Acheteur AliExpress,,5,,,,,true,2026-02-24,
1119,top gainant,1005011856331052,Acheteur AliExpress,,5,,,,,true,2026-04-30,
1120,top gainant,1005011856331052,Acheteur AliExpress,,5,,,,,true,2026-02-16,
1121,top gainant,1005011856331052,Acheteur AliExpress,,5,,,,,true,2026-03-15,
1122,top gainant,1005011856331052,Acheteur AliExpress,,4,,,,,true,2026-04-13,
1123,top gainant,1005011856331052,Acheteur AliExpress,,5,,,,,true,2026-03-24,
1124,top gainant,1005011856331052,Acheteur AliExpress,,4,,,,,true,2026-04-20,
1125,top gainant,1005011856331052,Acheteur AliExpress,,4,,,,,true,2026-04-08,
1126,top gainant,1005011856331052,Acheteur AliExpress,,5,,,,,true,2026-03-08,
1127,top gainant,1005011856331052,Acheteur AliExpress,,5,,,,,true,2026-05-01,
1128,top gainant,1005011856331052,Acheteur AliExpress,,5,,,,,true,2026-02-26,
1129,top gainant,1005011856331052,F***q,,5,,,,,true,2026-04-16,
1130,top gainant,1005011856331052,s***h,,5,,,,,true,2026-03-14,
1131,top gainant,1005011856331052,F***q,,5,,,,,true,2026-04-29,
1132,top gainant,1005011856331052,Acheteur AliExpress,,5,,,,,true,2026-04-17,
1133,top gainant,1005011856331052,Acheteur AliExpress,,5,,,,,true,2026-05-10,
1134,top gainant,1005011856331052,Acheteur AliExpress,,5,,,,,true,2026-02-22,
1135,top gainant,1005011856331052,Acheteur AliExpress,,5,,,,,true,2026-05-03,
1136,top gainant,1005011856331052,Acheteur AliExpress,,4,,,,,true,2026-05-09,
1137,top gainant,1005011856331052,Acheteur AliExpress,,5,,,,,true,2026-03-10,
1138,top gainant,1005011856331052,Acheteur AliExpress,,5,,,,,true,2026-05-14,
1139,top gainant,1005011856331052,Acheteur AliExpress,,5,,,,,true,2026-02-21,
1140,top gainant,1005011856331052,Acheteur AliExpress,,5,,,,,true,2026-03-10,
1141,top gainant,1005011856331052,Acheteur AliExpress,,5,,,,,true,2026-02-22,
1142,top gainant,1005011856331052,Acheteur AliExpress,,5,,,,,true,2026-02-28,
1143,top gainant,1005011856331052,Acheteur AliExpress,,5,,,,,true,2026-04-23,
1144,top gainant,1005011856331052,o***f,,5,,,,,true,2026-04-15,
1145,top gainant,1005011856331052,p***C,,5,,,,,true,2026-03-31,
1146,top gainant,1005011856331052,Acheteur AliExpress,,5,,,,,true,2026-03-28,
1147,top gainant,1005011856331052,Acheteur AliExpress,,5,,,,,true,2026-05-03,
1148,top gainant,1005011856331052,Acheteur AliExpress,,5,,,,,true,2026-05-05,
1149,top gainant,1005011856331052,r***e,,5,,,,,true,2026-04-19,
1150,top gainant,1005011856331052,Acheteur AliExpress,,5,,,,,true,2026-03-30,
1151,top gainant,1005011856331052,Acheteur AliExpress,,5,,,,,true,2026-04-21,
1152,top gainant,1005011856331052,Acheteur AliExpress,,5,,,,,true,2026-03-07,
1153,top gainant,1005011856331052,Acheteur AliExpress,,5,,,,,true,2026-04-30,
1154,top gainant,1005011856331052,Acheteur AliExpress,,5,,,,,true,2026-04-19,
1155,top gainant,1005011856331052,Acheteur AliExpress,,5,,,,,true,2026-03-01,
1156,top gainant,1005011856331052,Acheteur AliExpress,,5,,,,,true,2026-04-24,
1157,top gainant,1005011856331052,Acheteur AliExpress,,4,,,,,true,2026-02-16,
1158,top gainant,1005011856331052,Acheteur AliExpress,,4,,,,,true,2026-03-18,
1159,top gainant,1005011856331052,Acheteur AliExpress,,5,,,,,true,2026-03-18,
1160,top gainant,1005011856331052,Acheteur AliExpress,,5,,,,,true,2026-03-18,
1161,top gainant,1005011856331052,v***r,,4,,,,,true,2026-03-29,
1162,top gainant,1005011856331052,Acheteur AliExpress,,5,,,,,true,2026-03-04,
1163,top gainant,1005011856331052,Acheteur AliExpress,,5,,,,,true,2026-05-12,
1164,top gainant,1005011856331052,Acheteur AliExpress,,5,,,,,true,2026-04-14,
1165,top gainant,1005011856331052,Acheteur AliExpress,,5,,,,,true,2026-05-08,
1166,top gainant,1005011856331052,Acheteur AliExpress,,5,,,,,true,2026-02-22,
1167,top gainant,1005011856331052,Acheteur AliExpress,,5,,,,,true,2026-05-08,
1168,top gainant,1005011856331052,Acheteur AliExpress,,5,,,,,true,2026-03-04,
1169,top gainant,1005011856331052,Acheteur AliExpress,,5,,,,,true,2026-04-01,
1170,top gainant,1005011856331052,Acheteur AliExpress,,5,,,,,true,2026-03-06,
1171,top gainant,1005011856331052,Acheteur AliExpress,,5,,,,,true,2026-03-26,
1172,top gainant,1005011856331052,Acheteur AliExpress,,5,,,,,true,2026-03-10,
1173,top gainant,1005011856331052,y***m,,5,,,,,true,2026-04-29,
1174,top gainant,1005011856331052,Acheteur AliExpress,,5,,,,,true,2026-03-25,
1175,top gainant,1005011856331052,Acheteur AliExpress,,4,,,,,true,2026-04-12,
1176,top gainant,1005011856331052,Acheteur AliExpress,,4,,,,,true,2026-03-29,
1177,top gainant,1005011856331052,o***f,,5,,,,,true,2026-03-26,
1178,top gainant,1005011856331052,Acheteur AliExpress,,5,,,,,true,2026-03-24,
1179,top gainant,1005011856331052,Acheteur AliExpress,,5,,,,,true,2026-05-01,
1180,top gainant,1005011856331052,E***F,,5,,,,,true,2026-03-27,
1181,top gainant,1005011856331052,Acheteur AliExpress,,5,,,,,true,2026-04-02,
1182,top gainant,1005011856331052,Acheteur AliExpress,,5,,,,,true,2026-05-16,
1183,top gainant,1005011856331052,Acheteur AliExpress,,5,,,,,true,2026-03-02,
1184,top gainant,1005011856331052,d***p,,5,,,,,true,2026-03-18,
1185,top gainant,1005011856331052,Acheteur AliExpress,,4,,,,,true,2026-03-03,
1186,top gainant,1005011856331052,m***L,,4,,,,,true,2026-04-28,
1187,top gainant,1005011856331052,Acheteur AliExpress,,5,,,,,true,2026-03-20,
1188,top gainant,1005011856331052,Acheteur AliExpress,,4,,,,,true,2026-02-19,
1189,top gainant,1005011856331052,Acheteur AliExpress,,4,,,,,true,2026-04-25,
1190,top gainant,1005011856331052,Acheteur AliExpress,,5,,,,,true,2026-05-11,
1191,top gainant,1005011856331052,Acheteur AliExpress,,4,,,,,true,2026-03-11,
1192,top gainant,1005011856331052,Acheteur AliExpress,,4,,,,,true,2026-03-13,
1193,top gainant,1005011856331052,Acheteur AliExpress,,5,,,,,true,2026-04-18,
1194,top gainant,1005011856331052,Acheteur AliExpress,,5,,,,,true,2026-03-10,
1195,top gainant,1005011856331052,Acheteur AliExpress,,5,,,,,true,2026-04-20,
1196,top gainant,1005011856331052,Acheteur AliExpress,,5,,,,,true,2026-05-15,
1197,top gainant,1005011856331052,h***T,,4,,,,,true,2026-03-20,
1198,top gainant,1005011856331052,d***p,,5,,,,,true,2026-03-20,
1199,top gainant,1005011856331052,Acheteur AliExpress,,5,,,,,true,2026-03-29,
1200,top gainant,1005011856331052,Acheteur AliExpress,,4,,,,,true,2026-04-23,
1201,top gainant,1005011856331052,a***z,,5,,,,,true,2026-04-01,
1202,top gainant,1005011856331052,Acheteur AliExpress,,5,,,,,true,2026-02-17,
1203,top gainant,1005011856331052,Acheteur AliExpress,,5,,,,,true,2026-02-22,
1204,top gainant,1005011856331052,Acheteur AliExpress,,5,,,,,true,2026-05-17,
1205,top gainant,1005011856331052,Acheteur AliExpress,,5,,,,,true,2026-05-01,
1206,top gainant,1005011856331052,Acheteur AliExpress,,5,,,,,true,2026-04-27,
1207,top gainant,1005011856331052,Acheteur AliExpress,,5,,,,,true,2026-03-16,
1208,top gainant,1005011856331052,Acheteur AliExpress,,5,,,,,true,2026-04-17,
1209,top gainant,1005011856331052,d***p,,5,,,,,true,2026-04-18,
1210,top gainant,1005011856331052,Acheteur AliExpress,,4,,,,,true,2026-03-05,
1211,top gainant,1005011856331052,Acheteur AliExpress,,5,,,,,true,2026-04-08,
1212,top gainant,1005011856331052,Acheteur AliExpress,,5,,,,,true,2026-03-20,
1213,top gainant,1005011856331052,Acheteur AliExpress,,5,,,,,true,2026-04-24,
1214,top gainant,1005011856331052,Acheteur AliExpress,,5,,,,,true,2026-04-16,
1215,top gainant,1005011856331052,Acheteur AliExpress,,5,,,,,true,2026-02-23,
1216,top gainant,1005011856331052,Acheteur AliExpress,,5,,,,,true,2026-03-07,
1217,top gainant,1005011856331052,Acheteur AliExpress,,5,,,,,true,2026-02-24,
1218,top gainant,1005011856331052,Acheteur AliExpress,,4,,,,,true,2026-05-02,
1219,top gainant,1005011856331052,Acheteur AliExpress,,5,,,,,true,2026-04-18,
1220,top gainant,1005011856331052,Acheteur AliExpress,,5,,,,,true,2026-03-04,
1221,top gainant,1005011856331052,Acheteur AliExpress,,5,,,,,true,2026-02-26,
1222,top gainant,1005011856331052,Acheteur AliExpress,,5,,,,,true,2026-04-07,
1223,top gainant,1005011856331052,Acheteur AliExpress,,5,,,,,true,2026-05-01,
1224,top gainant,1005011856331052,Acheteur AliExpress,,5,,,,,true,2026-04-07,
1225,top gainant,1005011856331052,Acheteur AliExpress,,5,,,,,true,2026-03-24,
1226,top gainant,1005011856331052,Acheteur AliExpress,,4,,,,,true,2026-04-30,
1227,top gainant,1005011856331052,F***q,,5,,,,,true,2026-02-22,
1228,top gainant,1005011856331052,Acheteur AliExpress,,4,,,,,true,2026-05-17,
1229,top gainant,1005011856331052,Acheteur AliExpress,,5,,,,,true,2026-04-05,
1230,top gainant,1005011856331052,a***z,,5,,,,,true,2026-03-12,
1231,top gainant,1005011856331052,Acheteur AliExpress,,5,,,,,true,2026-03-14,
1232,top gainant,1005011856331052,Acheteur AliExpress,,5,,,,,true,2026-04-08,
1233,top gainant,1005011856331052,Acheteur AliExpress,,5,,,,,true,2026-05-14,
1234,top gainant,1005011856331052,Acheteur AliExpress,,5,,,,,true,2026-02-18,
1235,top gainant,1005011856331052,c***a,,5,,,,,true,2026-03-17,
1236,top gainant,1005011856331052,Acheteur AliExpress,,5,,,,,true,2026-05-05,
1237,top gainant,1005011856331052,Acheteur AliExpress,,5,,,,,true,2026-03-06,
1238,top gainant,1005011856331052,Acheteur AliExpress,,4,,,,,true,2026-05-06,
1239,top gainant,1005011856331052,Acheteur AliExpress,,5,,,,,true,2026-03-31,
1240,top gainant,1005011856331052,Acheteur AliExpress,,4,,,,,true,2026-05-02,
1241,top gainant,1005011856331052,Acheteur AliExpress,,5,,,,,true,2026-04-13,
1242,top gainant,1005011856331052,Acheteur AliExpress,,5,,,,,true,2026-03-22,
1243,top gainant,1005011856331052,Acheteur AliExpress,,5,,,,,true,2026-03-09,
1244,top gainant,1005011856331052,Acheteur AliExpress,,5,,,,,true,2026-02-26,
1245,top gainant,1005011856331052,Acheteur AliExpress,,5,,,,,true,2026-04-21,
1246,top gainant,1005011856331052,Acheteur AliExpress,,5,,,,,true,2026-04-01,
1247,top gainant,1005011856331052,Acheteur AliExpress,,4,,,,,true,2026-03-10,
1248,top gainant,1005011856331052,Acheteur AliExpress,,5,,,,,true,2026-03-23,
1249,top gainant,1005011856331052,J***I,,5,,,,,true,2026-05-15,
1250,top gainant,1005011856331052,Acheteur AliExpress,,4,,,,,true,2026-02-19,
1251,top gainant,1005011856331052,Acheteur AliExpress,,5,,,,,true,2026-05-16,
1252,top gainant,1005011856331052,Acheteur AliExpress,,5,,,,,true,2026-03-12,
1253,top gainant,1005011856331052,o***f,,5,,,,,true,2026-03-19,
1254,top gainant,1005011856331052,Acheteur AliExpress,,5,,,,,true,2026-02-20,
1255,top gainant,1005011856331052,Acheteur AliExpress,,5,,,,,true,2026-04-17,
1256,top gainant,1005011856331052,Acheteur AliExpress,,5,,,,,true,2026-03-16,
1257,top gainant,1005011856331052,a***z,,5,,,,,true,2026-03-25,
1258,top gainant,1005011856331052,Acheteur AliExpress,,5,,,,,true,2026-05-15,
1259,top gainant,1005011856331052,Acheteur AliExpress,,4,,,,,true,2026-03-21,
1260,top gainant,1005011856331052,Acheteur AliExpress,,4,,,,,true,2026-03-20,
1261,top gainant,1005011856331052,Acheteur AliExpress,,5,,,,,true,2026-05-13,
1262,top gainant,1005011856331052,Acheteur AliExpress,,5,,,,,true,2026-04-16,
1263,top gainant,1005011856331052,Acheteur AliExpress,,4,,,,,true,2026-02-21,
1264,top gainant,1005011856331052,Acheteur AliExpress,,4,,,,,true,2026-04-04,
1265,top gainant,1005011856331052,Acheteur AliExpress,,5,,,,,true,2026-04-15,
1266,top gainant,1005011856331052,Acheteur AliExpress,,4,,,,,true,2026-02-23,
1267,top gainant,1005011856331052,Acheteur AliExpress,,5,,,,,true,2026-04-01,
1268,top gainant,1005011856331052,b***k,,5,,,,,true,2026-03-08,
1269,top gainant,1005011856331052,Acheteur AliExpress,,5,,,,,true,2026-02-19,
1270,top gainant,1005011856331052,Acheteur AliExpress,,5,,,,,true,2026-03-30,
1271,top gainant,1005011856331052,Acheteur AliExpress,,5,,,,,true,2026-04-13,
1272,top gainant,1005011856331052,m***L,,5,,,,,true,2026-03-02,
1273,top gainant,1005011856331052,Acheteur AliExpress,,5,,,,,true,2026-05-06,
1274,top gainant,1005011856331052,Acheteur AliExpress,,5,,,,,true,2026-04-10,
1275,top gainant,1005011856331052,Acheteur AliExpress,,5,,,,,true,2026-04-07,
1276,top gainant,1005011856331052,Acheteur AliExpress,,4,,,,,true,2026-02-15,
1277,top gainant,1005011856331052,Acheteur AliExpress,,5,,,,,true,2026-02-18,
1278,top gainant,1005011856331052,b***k,,5,,,,,true,2026-05-12,
1279,top gainant,1005011856331052,Acheteur AliExpress,,5,,,,,true,2026-04-26,
1280,top gainant,1005011856331052,Acheteur AliExpress,,4,,,,,true,2026-03-12,
1281,top gainant,1005011856331052,Acheteur AliExpress,,5,,,,,true,2026-02-23,
1282,top gainant,1005011856331052,Acheteur AliExpress,,5,,,,,true,2026-04-03,
1283,top gainant,1005011856331052,Acheteur AliExpress,,5,,,,,true,2026-04-26,
1284,top gainant,1005011856331052,Acheteur AliExpress,,5,,,,,true,2026-03-27,
1285,top gainant,1005011856331052,F***q,,4,,,,,true,2026-02-23,
1286,top gainant,1005011856331052,Acheteur AliExpress,,4,,,,,true,2026-02-28,
1287,top gainant,1005011856331052,Acheteur AliExpress,,5,,,,,true,2026-05-11,
1288,top gainant,1005011856331052,Acheteur AliExpress,,5,,,,,true,2026-05-12,
1289,top gainant,1005011856331052,Acheteur AliExpress,,5,,,,,true,2026-03-06,
1290,top gainant,1005011856331052,Acheteur AliExpress,,5,,,,,true,2026-03-27,
1291,top gainant,1005011856331052,Acheteur AliExpress,,4,,,,,true,2026-02-22,
1292,top gainant,1005011856331052,Acheteur AliExpress,,5,,,,,true,2026-05-15,
1293,top gainant,1005011856331052,t***w,,4,,,,,true,2026-05-05,
1294,top gainant,1005011856331052,o***f,,5,,,,,true,2026-03-23,
1295,top gainant,1005011856331052,Acheteur AliExpress,,5,,,,,true,2026-03-23,
1296,top gainant,1005011856331052,Acheteur AliExpress,,4,,,,,true,2026-04-22,
1297,top gainant,1005011856331052,Acheteur AliExpress,,5,,,,,true,2026-04-09,
1298,top gainant,1005011856331052,Acheteur AliExpress,,5,,,,,true,2026-03-25,
1299,top gainant,1005011856331052,Acheteur AliExpress,,5,,,,,true,2026-04-18,
1300,top gainant,1005011856331052,Acheteur AliExpress,,4,,,,,true,2026-05-14,
1301,top gainant,1005011856331052,Acheteur AliExpress,,5,,,,,true,2026-04-07,
1302,top gainant,1005011856331052,Acheteur AliExpress,,5,,,,,true,2026-05-15,
1303,top gainant,1005011856331052,s***h,,5,,,,,true,2026-03-10,
1304,top gainant,1005011856331052,Acheteur AliExpress,,5,,,,,true,2026-05-16,
1305,top gainant,1005011856331052,Acheteur AliExpress,,5,,,,,true,2026-04-11,
1306,top gainant,1005011856331052,Acheteur AliExpress,,5,,,,,true,2026-04-10,
1307,top gainant,1005011856331052,Acheteur AliExpress,,5,,,,,true,2026-03-27,
1308,top gainant,1005011856331052,Acheteur AliExpress,,5,,,,,true,2026-04-30,
1309,top gainant,1005011856331052,Acheteur AliExpress,,4,,,,,true,2026-03-20,
1310,top gainant,1005011856331052,Acheteur AliExpress,,5,,,,,true,2026-04-11,
1311,top gainant,1005011856331052,Acheteur AliExpress,,5,,,,,true,2026-03-15,
1312,top gainant,1005011856331052,Acheteur AliExpress,,5,,,,,true,2026-03-11,
1313,top gainant,1005011856331052,Acheteur AliExpress,,5,,,,,true,2026-03-18,
1314,top gainant,1005011856331052,Acheteur AliExpress,,5,,,,,true,2026-04-06,
1315,top gainant,1005011856331052,Acheteur AliExpress,,5,,,,,true,2026-04-13,
1316,top gainant,1005011856331052,Acheteur AliExpress,,5,,,,,true,2026-03-20,
1317,top gainant,1005011856331052,b***k,,5,,,,,true,2026-02-18,
1318,top gainant,1005011856331052,p***C,,5,,,,,true,2026-03-28,
1319,top gainant,1005011856331052,Acheteur AliExpress,,5,,,,,true,2026-05-03,
1320,top gainant,1005011856331052,Acheteur AliExpress,,4,,,,,true,2026-02-22,
1321,top gainant,1005011856331052,Acheteur AliExpress,,4,,,,,true,2026-05-05,
1322,top gainant,1005011856331052,Acheteur AliExpress,,5,,,,,true,2026-03-28,
1323,top gainant,1005011856331052,Acheteur AliExpress,,5,,,,,true,2026-03-20,
1324,top gainant,1005011856331052,F***q,,5,,,,,true,2026-04-02,
1325,top gainant,1005011856331052,Acheteur AliExpress,,5,,,,,true,2026-05-11,
1326,top gainant,1005011856331052,Acheteur AliExpress,,5,,,,,true,2026-02-15,
1327,top gainant,1005011856331052,Acheteur AliExpress,,5,,,,,true,2026-03-30,
1328,top gainant,1005011856331052,m***L,,5,,,,,true,2026-04-14,
1329,top gainant,1005011856331052,Acheteur AliExpress,,5,,,,,true,2026-03-23,
1330,top gainant,1005011856331052,Acheteur AliExpress,,5,,,,,true,2026-04-29,
1331,top gainant,1005011856331052,Acheteur AliExpress,,5,,,,,true,2026-04-23,
1332,top gainant,1005011856331052,Acheteur AliExpress,,5,,,,,true,2026-02-16,
1333,top gainant,1005011856331052,Acheteur AliExpress,,5,,,,,true,2026-03-17,
1334,top gainant,1005011856331052,Acheteur AliExpress,,5,,,,,true,2026-02-25,
1335,top gainant,1005011856331052,Acheteur AliExpress,,5,,,,,true,2026-05-14,
1336,top gainant,1005011856331052,m***L,,4,,,,,true,2026-04-23,
1337,top gainant,1005011856331052,t***w,,4,,,,,true,2026-02-22,
1338,top gainant,1005011856331052,Acheteur AliExpress,,5,,,,,true,2026-03-27,